name,trainer,Analytic,Independent,Determined,Professional,Studious,Imaginative,week,cohort,date
Quintus Penella,Gregor Gomez,1.0,2.0,2.0,1.0,2.0,2.0,1,Business_20,2019-02-11
Simon Murrey,Gregor Gomez,6.0,1.0,1.0,2.0,4.0,2.0,1,Business_20,2019-02-11
Gustaf Lude,Gregor Gomez,6.0,4.0,1.0,1.0,2.0,3.0,1,Business_20,2019-02-11
Yolanda Fosse,Gregor Gomez,2.0,1.0,2.0,3.0,3.0,3.0,1,Business_20,2019-02-11
Lynnett Swin,Gregor Gomez,2.0,2.0,4.0,5.0,1.0,2.0,1,Business_20,2019-02-11
Bart Godilington,Gregor Gomez,3.0,6.0,1.0,5.0,4.0,1.0,1,Business_20,2019-02-11
Deni Roust,Gregor Gomez,6.0,3.0,1.0,4.0,4.0,2.0,1,Business_20,2019-02-11
Gerhard Mcgrath,Gregor Gomez,2.0,3.0,3.0,4.0,1.0,1.0,1,Business_20,2019-02-11
Simon Murrey,Gregor Gomez,3.0,1.0,3.0,2.0,1.0,1.0,2,Business_20,2019-02-11
Gustaf Lude,Gregor Gomez,1.0,1.0,1.0,2.0,1.0,6.0,2,Business_20,2019-02-11
Yolanda Fosse,Gregor Gomez,4.0,2.0,1.0,3.0,3.0,7.0,2,Business_20,2019-02-11
Lynnett Swin,Gregor Gomez,3.0,2.0,5.0,3.0,1.0,1.0,2,Business_20,2019-02-11
Bart Godilington,Gregor Gomez,2.0,1.0,2.0,5.0,3.0,2.0,2,Business_20,2019-02-11
Deni Roust,Gregor Gomez,7.0,2.0,3.0,1.0,1.0,1.0,2,Business_20,2019-02-11
Gerhard Mcgrath,Gregor Gomez,3.0,6.0,2.0,1.0,4.0,3.0,2,Business_20,2019-02-11
Gustaf Lude,Gregor Gomez,6.0,2.0,2.0,3.0,3.0,2.0,3,Business_20,2019-02-11
Yolanda Fosse,Gregor Gomez,3.0,5.0,3.0,1.0,3.0,3.0,3,Business_20,2019-02-11
Lynnett Swin,Gregor Gomez,3.0,2.0,3.0,4.0,4.0,2.0,3,Business_20,2019-02-11
Bart Godilington,Gregor Gomez,1.0,3.0,2.0,1.0,1.0,4.0,3,Business_20,2019-02-11
Deni Roust,Gregor Gomez,1.0,2.0,2.0,1.0,4.0,5.0,3,Business_20,2019-02-11
Gerhard Mcgrath,Gregor Gomez,3.0,4.0,1.0,5.0,3.0,3.0,3,Business_20,2019-02-11
Gustaf Lude,Gregor Gomez,5.0,1.0,3.0,7.0,6.0,2.0,4,Business_20,2019-02-11
Yolanda Fosse,Gregor Gomez,2.0,8.0,1.0,8.0,5.0,5.0,4,Business_20,2019-02-11
Lynnett Swin,Gregor Gomez,8.0,6.0,8.0,2.0,4.0,8.0,4,Business_20,2019-02-11
Bart Godilington,Gregor Gomez,3.0,3.0,7.0,3.0,6.0,5.0,4,Business_20,2019-02-11
Deni Roust,Gregor Gomez,4.0,6.0,6.0,6.0,8.0,6.0,4,Business_20,2019-02-11
Gerhard Mcgrath,Gregor Gomez,3.0,8.0,1.0,4.0,6.0,7.0,4,Business_20,2019-02-11
Gustaf Lude,Gregor Gomez,6.0,8.0,4.0,8.0,1.0,8.0,5,Business_20,2019-02-11
Yolanda Fosse,Gregor Gomez,2.0,1.0,8.0,5.0,6.0,5.0,5,Business_20,2019-02-11
Lynnett Swin,Gregor Gomez,6.0,2.0,8.0,8.0,8.0,5.0,5,Business_20,2019-02-11
Bart Godilington,Gregor Gomez,6.0,3.0,4.0,7.0,6.0,6.0,5,Business_20,2019-02-11
Deni Roust,Gregor Gomez,4.0,2.0,7.0,6.0,4.0,2.0,5,Business_20,2019-02-11
Gerhard Mcgrath,Gregor Gomez,5.0,6.0,7.0,6.0,7.0,8.0,5,Business_20,2019-02-11
Gustaf Lude,Gregor Gomez,7.0,3.0,5.0,8.0,8.0,7.0,6,Business_20,2019-02-11
Yolanda Fosse,Gregor Gomez,7.0,6.0,5.0,7.0,8.0,2.0,6,Business_20,2019-02-11
Lynnett Swin,Gregor Gomez,7.0,5.0,5.0,5.0,5.0,8.0,6,Business_20,2019-02-11
Bart Godilington,Gregor Gomez,6.0,8.0,8.0,6.0,8.0,7.0,6,Business_20,2019-02-11
Deni Roust,Gregor Gomez,4.0,3.0,8.0,7.0,4.0,5.0,6,Business_20,2019-02-11
Gerhard Mcgrath,Gregor Gomez,2.0,8.0,8.0,4.0,5.0,3.0,6,Business_20,2019-02-11
Gustaf Lude,Gregor Gomez,8.0,5.0,8.0,8.0,8.0,6.0,7,Business_20,2019-02-11
Yolanda Fosse,Gregor Gomez,8.0,6.0,8.0,7.0,8.0,8.0,7,Business_20,2019-02-11
Lynnett Swin,Gregor Gomez,8.0,7.0,7.0,8.0,8.0,8.0,7,Business_20,2019-02-11
Bart Godilington,Gregor Gomez,7.0,8.0,6.0,8.0,8.0,7.0,7,Business_20,2019-02-11
Deni Roust,Gregor Gomez,7.0,8.0,8.0,8.0,7.0,7.0,7,Business_20,2019-02-11
Gerhard Mcgrath,Gregor Gomez,8.0,8.0,8.0,4.0,8.0,8.0,7,Business_20,2019-02-11
Gustaf Lude,Gregor Gomez,8.0,7.0,8.0,8.0,7.0,8.0,8,Business_20,2019-02-11
Yolanda Fosse,Gregor Gomez,8.0,8.0,7.0,8.0,7.0,5.0,8,Business_20,2019-02-11
Lynnett Swin,Gregor Gomez,8.0,7.0,8.0,8.0,8.0,8.0,8,Business_20,2019-02-11
Bart Godilington,Gregor Gomez,7.0,7.0,8.0,6.0,7.0,8.0,8,Business_20,2019-02-11
Deni Roust,Gregor Gomez,7.0,8.0,8.0,8.0,8.0,8.0,8,Business_20,2019-02-11
Gerhard Mcgrath,Gregor Gomez,8.0,8.0,7.0,8.0,7.0,8.0,8,Business_20,2019-02-11
Benedick Arnhold,Bruce Lugo,5.0,4.0,1.0,2.0,3.0,3.0,1,Business_21,2019-03-18
Herminia Brettel,Bruce Lugo,5.0,3.0,2.0,3.0,3.0,1.0,1,Business_21,2019-03-18
Nicolai Nussey,Bruce Lugo,4.0,1.0,5.0,2.0,2.0,3.0,1,Business_21,2019-03-18
Elora Ellen,Bruce Lugo,3.0,2.0,3.0,4.0,3.0,3.0,1,Business_21,2019-03-18
Llywellyn Hoggins,Bruce Lugo,1.0,3.0,2.0,2.0,3.0,3.0,1,Business_21,2019-03-18
Bobbye Hains,Bruce Lugo,3.0,4.0,4.0,1.0,1.0,5.0,1,Business_21,2019-03-18
Audrye Tobias,Bruce Lugo,5.0,4.0,3.0,5.0,5.0,4.0,1,Business_21,2019-03-18
Georg Battman,Bruce Lugo,1.0,1.0,1.0,6.0,5.0,5.0,1,Business_21,2019-03-18
Adolph Andreia,Bruce Lugo,3.0,3.0,7.0,1.0,6.0,4.0,1,Business_21,2019-03-18
Ilaire Ord,Bruce Lugo,7.0,2.0,6.0,5.0,5.0,1.0,1,Business_21,2019-03-18
Thorpe Pettett,Bruce Lugo,6.0,1.0,4.0,4.0,2.0,1.0,1,Business_21,2019-03-18
Tiphany Gribben,Bruce Lugo,2.0,1.0,3.0,1.0,2.0,5.0,1,Business_21,2019-03-18
Pam Hupka,Bruce Lugo,1.0,5.0,2.0,1.0,5.0,1.0,1,Business_21,2019-03-18
Benedick Arnhold,Bruce Lugo,7.0,6.0,3.0,3.0,4.0,3.0,2,Business_21,2019-03-18
Herminia Brettel,Bruce Lugo,4.0,2.0,1.0,1.0,5.0,3.0,2,Business_21,2019-03-18
Nicolai Nussey,Bruce Lugo,2.0,4.0,2.0,6.0,5.0,3.0,2,Business_21,2019-03-18
Elora Ellen,Bruce Lugo,2.0,4.0,2.0,4.0,1.0,1.0,2,Business_21,2019-03-18
Llywellyn Hoggins,Bruce Lugo,4.0,2.0,2.0,4.0,3.0,2.0,2,Business_21,2019-03-18
Bobbye Hains,Bruce Lugo,3.0,2.0,1.0,3.0,3.0,3.0,2,Business_21,2019-03-18
Audrye Tobias,Bruce Lugo,4.0,4.0,3.0,1.0,3.0,2.0,2,Business_21,2019-03-18
Georg Battman,Bruce Lugo,7.0,2.0,1.0,3.0,2.0,1.0,2,Business_21,2019-03-18
Adolph Andreia,Bruce Lugo,3.0,4.0,4.0,1.0,3.0,2.0,2,Business_21,2019-03-18
Ilaire Ord,Bruce Lugo,2.0,6.0,2.0,1.0,1.0,5.0,2,Business_21,2019-03-18
Thorpe Pettett,Bruce Lugo,7.0,1.0,6.0,3.0,4.0,3.0,2,Business_21,2019-03-18
Tiphany Gribben,Bruce Lugo,3.0,1.0,1.0,2.0,2.0,2.0,2,Business_21,2019-03-18
Pam Hupka,Bruce Lugo,2.0,3.0,2.0,6.0,1.0,1.0,2,Business_21,2019-03-18
Benedick Arnhold,Bruce Lugo,4.0,6.0,3.0,1.0,3.0,2.0,3,Business_21,2019-03-18
Herminia Brettel,Bruce Lugo,4.0,6.0,2.0,4.0,5.0,2.0,3,Business_21,2019-03-18
Nicolai Nussey,Bruce Lugo,3.0,1.0,1.0,2.0,2.0,3.0,3,Business_21,2019-03-18
Elora Ellen,Bruce Lugo,2.0,3.0,4.0,3.0,3.0,3.0,3,Business_21,2019-03-18
Llywellyn Hoggins,Bruce Lugo,4.0,2.0,1.0,1.0,2.0,1.0,3,Business_21,2019-03-18
Bobbye Hains,Bruce Lugo,4.0,2.0,2.0,2.0,2.0,4.0,3,Business_21,2019-03-18
Audrye Tobias,Bruce Lugo,2.0,1.0,1.0,3.0,3.0,3.0,3,Business_21,2019-03-18
Georg Battman,Bruce Lugo,1.0,2.0,3.0,3.0,3.0,5.0,3,Business_21,2019-03-18
Adolph Andreia,Bruce Lugo,3.0,2.0,2.0,1.0,2.0,2.0,3,Business_21,2019-03-18
Ilaire Ord,Bruce Lugo,1.0,5.0,5.0,2.0,5.0,5.0,3,Business_21,2019-03-18
Thorpe Pettett,Bruce Lugo,2.0,3.0,3.0,1.0,3.0,3.0,3,Business_21,2019-03-18
Pam Hupka,Bruce Lugo,2.0,1.0,5.0,7.0,4.0,1.0,3,Business_21,2019-03-18
Benedick Arnhold,Bruce Lugo,3.0,7.0,4.0,7.0,5.0,7.0,4,Business_21,2019-03-18
Herminia Brettel,Bruce Lugo,5.0,4.0,2.0,3.0,7.0,8.0,4,Business_21,2019-03-18
Nicolai Nussey,Bruce Lugo,8.0,8.0,7.0,8.0,3.0,5.0,4,Business_21,2019-03-18
Elora Ellen,Bruce Lugo,3.0,5.0,4.0,6.0,5.0,4.0,4,Business_21,2019-03-18
Bobbye Hains,Bruce Lugo,5.0,8.0,6.0,8.0,5.0,4.0,4,Business_21,2019-03-18
Audrye Tobias,Bruce Lugo,6.0,6.0,4.0,6.0,8.0,7.0,4,Business_21,2019-03-18
Georg Battman,Bruce Lugo,8.0,6.0,4.0,4.0,5.0,7.0,4,Business_21,2019-03-18
Adolph Andreia,Bruce Lugo,2.0,4.0,3.0,6.0,8.0,8.0,4,Business_21,2019-03-18
Ilaire Ord,Bruce Lugo,1.0,7.0,8.0,8.0,5.0,5.0,4,Business_21,2019-03-18
Thorpe Pettett,Bruce Lugo,7.0,6.0,8.0,8.0,7.0,8.0,4,Business_21,2019-03-18
Pam Hupka,Bruce Lugo,8.0,7.0,7.0,8.0,8.0,7.0,4,Business_21,2019-03-18
Benedick Arnhold,Bruce Lugo,8.0,8.0,7.0,3.0,3.0,3.0,5,Business_21,2019-03-18
Herminia Brettel,Bruce Lugo,8.0,8.0,7.0,8.0,4.0,8.0,5,Business_21,2019-03-18
Nicolai Nussey,Bruce Lugo,5.0,4.0,8.0,8.0,8.0,7.0,5,Business_21,2019-03-18
Elora Ellen,Bruce Lugo,6.0,6.0,4.0,8.0,7.0,7.0,5,Business_21,2019-03-18
Bobbye Hains,Bruce Lugo,4.0,5.0,7.0,8.0,3.0,6.0,5,Business_21,2019-03-18
Audrye Tobias,Bruce Lugo,8.0,6.0,5.0,3.0,8.0,7.0,5,Business_21,2019-03-18
Georg Battman,Bruce Lugo,8.0,4.0,3.0,4.0,6.0,4.0,5,Business_21,2019-03-18
Adolph Andreia,Bruce Lugo,4.0,6.0,4.0,5.0,3.0,7.0,5,Business_21,2019-03-18
Ilaire Ord,Bruce Lugo,8.0,5.0,5.0,6.0,4.0,4.0,5,Business_21,2019-03-18
Thorpe Pettett,Bruce Lugo,8.0,6.0,6.0,8.0,5.0,3.0,5,Business_21,2019-03-18
Pam Hupka,Bruce Lugo,5.0,5.0,6.0,7.0,8.0,5.0,5,Business_21,2019-03-18
Benedick Arnhold,Bruce Lugo,7.0,8.0,5.0,4.0,5.0,1.0,6,Business_21,2019-03-18
Herminia Brettel,Bruce Lugo,5.0,8.0,6.0,4.0,6.0,8.0,6,Business_21,2019-03-18
Nicolai Nussey,Bruce Lugo,8.0,8.0,8.0,4.0,4.0,4.0,6,Business_21,2019-03-18
Elora Ellen,Bruce Lugo,7.0,6.0,8.0,4.0,7.0,3.0,6,Business_21,2019-03-18
Bobbye Hains,Bruce Lugo,8.0,5.0,5.0,8.0,7.0,8.0,6,Business_21,2019-03-18
Audrye Tobias,Bruce Lugo,8.0,6.0,5.0,5.0,3.0,5.0,6,Business_21,2019-03-18
Georg Battman,Bruce Lugo,8.0,8.0,3.0,3.0,4.0,6.0,6,Business_21,2019-03-18
Adolph Andreia,Bruce Lugo,8.0,3.0,7.0,7.0,3.0,8.0,6,Business_21,2019-03-18
Ilaire Ord,Bruce Lugo,8.0,2.0,8.0,4.0,6.0,6.0,6,Business_21,2019-03-18
Thorpe Pettett,Bruce Lugo,6.0,7.0,2.0,4.0,2.0,7.0,6,Business_21,2019-03-18
Pam Hupka,Bruce Lugo,7.0,3.0,5.0,3.0,7.0,8.0,6,Business_21,2019-03-18
Benedick Arnhold,Bruce Lugo,8.0,8.0,8.0,8.0,3.0,8.0,7,Business_21,2019-03-18
Herminia Brettel,Bruce Lugo,7.0,8.0,8.0,8.0,6.0,8.0,7,Business_21,2019-03-18
Nicolai Nussey,Bruce Lugo,8.0,7.0,8.0,8.0,8.0,8.0,7,Business_21,2019-03-18
Elora Ellen,Bruce Lugo,8.0,5.0,7.0,8.0,8.0,8.0,7,Business_21,2019-03-18
Bobbye Hains,Bruce Lugo,7.0,6.0,8.0,8.0,7.0,7.0,7,Business_21,2019-03-18
Audrye Tobias,Bruce Lugo,8.0,6.0,8.0,4.0,8.0,8.0,7,Business_21,2019-03-18
Georg Battman,Bruce Lugo,4.0,6.0,8.0,8.0,8.0,8.0,7,Business_21,2019-03-18
Adolph Andreia,Bruce Lugo,8.0,8.0,2.0,6.0,8.0,5.0,7,Business_21,2019-03-18
Ilaire Ord,Bruce Lugo,8.0,8.0,8.0,5.0,8.0,8.0,7,Business_21,2019-03-18
Thorpe Pettett,Bruce Lugo,8.0,8.0,8.0,7.0,8.0,8.0,7,Business_21,2019-03-18
Pam Hupka,Bruce Lugo,4.0,7.0,4.0,8.0,8.0,7.0,7,Business_21,2019-03-18
Benedick Arnhold,Bruce Lugo,7.0,8.0,8.0,8.0,8.0,8.0,8,Business_21,2019-03-18
Herminia Brettel,Bruce Lugo,4.0,7.0,8.0,8.0,8.0,8.0,8,Business_21,2019-03-18
Nicolai Nussey,Bruce Lugo,8.0,6.0,8.0,5.0,5.0,5.0,8,Business_21,2019-03-18
Elora Ellen,Bruce Lugo,8.0,8.0,4.0,7.0,8.0,7.0,8,Business_21,2019-03-18
Bobbye Hains,Bruce Lugo,8.0,8.0,7.0,4.0,6.0,8.0,8,Business_21,2019-03-18
Audrye Tobias,Bruce Lugo,8.0,8.0,8.0,8.0,8.0,7.0,8,Business_21,2019-03-18
Georg Battman,Bruce Lugo,8.0,7.0,8.0,8.0,8.0,6.0,8,Business_21,2019-03-18
Adolph Andreia,Bruce Lugo,8.0,8.0,8.0,8.0,8.0,8.0,8,Business_21,2019-03-18
Ilaire Ord,Bruce Lugo,8.0,8.0,8.0,8.0,7.0,5.0,8,Business_21,2019-03-18
Thorpe Pettett,Bruce Lugo,8.0,8.0,8.0,8.0,5.0,8.0,8,Business_21,2019-03-18
Pam Hupka,Bruce Lugo,6.0,6.0,8.0,8.0,7.0,8.0,8,Business_21,2019-03-18
Verne Francescuzzi,Gregor Gomez,2.0,4.0,1.0,2.0,3.0,4.0,1,Business_22,2019-04-15
Audi Westmacott,Gregor Gomez,2.0,4.0,1.0,3.0,3.0,3.0,1,Business_22,2019-04-15
Gae Crutch,Gregor Gomez,6.0,3.0,2.0,3.0,3.0,2.0,1,Business_22,2019-04-15
Fowler Crewdson,Gregor Gomez,1.0,1.0,3.0,7.0,5.0,5.0,1,Business_22,2019-04-15
Joletta Matzaitis,Gregor Gomez,4.0,4.0,3.0,4.0,5.0,6.0,1,Business_22,2019-04-15
Ofelia Helm,Gregor Gomez,1.0,7.0,3.0,1.0,4.0,3.0,1,Business_22,2019-04-15
Quinton Kuhnt,Gregor Gomez,2.0,3.0,5.0,4.0,3.0,5.0,1,Business_22,2019-04-15
Frankie Mabee,Gregor Gomez,1.0,3.0,3.0,7.0,2.0,2.0,1,Business_22,2019-04-15
Cami Burberow,Gregor Gomez,1.0,5.0,4.0,6.0,3.0,5.0,1,Business_22,2019-04-15
Gayla Bownas,Gregor Gomez,3.0,3.0,4.0,4.0,3.0,3.0,1,Business_22,2019-04-15
Latisha Ibel,Gregor Gomez,2.0,3.0,5.0,4.0,6.0,3.0,1,Business_22,2019-04-15
Verne Francescuzzi,Gregor Gomez,2.0,2.0,2.0,3.0,8.0,6.0,2,Business_22,2019-04-15
Audi Westmacott,Gregor Gomez,5.0,5.0,2.0,3.0,1.0,4.0,2,Business_22,2019-04-15
Gae Crutch,Gregor Gomez,2.0,4.0,3.0,3.0,3.0,3.0,2,Business_22,2019-04-15
Fowler Crewdson,Gregor Gomez,1.0,6.0,2.0,5.0,1.0,5.0,2,Business_22,2019-04-15
Joletta Matzaitis,Gregor Gomez,2.0,6.0,4.0,2.0,5.0,1.0,2,Business_22,2019-04-15
Ofelia Helm,Gregor Gomez,5.0,1.0,6.0,1.0,1.0,3.0,2,Business_22,2019-04-15
Quinton Kuhnt,Gregor Gomez,4.0,2.0,3.0,3.0,6.0,2.0,2,Business_22,2019-04-15
Frankie Mabee,Gregor Gomez,1.0,2.0,3.0,6.0,4.0,1.0,2,Business_22,2019-04-15
Cami Burberow,Gregor Gomez,5.0,1.0,3.0,3.0,6.0,8.0,2,Business_22,2019-04-15
Gayla Bownas,Gregor Gomez,1.0,2.0,4.0,2.0,5.0,5.0,2,Business_22,2019-04-15
Latisha Ibel,Gregor Gomez,4.0,7.0,4.0,4.0,3.0,6.0,2,Business_22,2019-04-15
Verne Francescuzzi,Gregor Gomez,4.0,3.0,2.0,6.0,3.0,4.0,3,Business_22,2019-04-15
Audi Westmacott,Gregor Gomez,3.0,1.0,7.0,1.0,1.0,3.0,3,Business_22,2019-04-15
Gae Crutch,Gregor Gomez,1.0,1.0,5.0,3.0,3.0,3.0,3,Business_22,2019-04-15
Fowler Crewdson,Gregor Gomez,3.0,1.0,5.0,4.0,4.0,2.0,3,Business_22,2019-04-15
Joletta Matzaitis,Gregor Gomez,4.0,3.0,4.0,4.0,2.0,2.0,3,Business_22,2019-04-15
Ofelia Helm,Gregor Gomez,3.0,4.0,4.0,1.0,2.0,4.0,3,Business_22,2019-04-15
Quinton Kuhnt,Gregor Gomez,1.0,3.0,3.0,1.0,3.0,1.0,3,Business_22,2019-04-15
Frankie Mabee,Gregor Gomez,2.0,7.0,2.0,2.0,2.0,3.0,3,Business_22,2019-04-15
Cami Burberow,Gregor Gomez,5.0,3.0,6.0,3.0,1.0,4.0,3,Business_22,2019-04-15
Gayla Bownas,Gregor Gomez,1.0,2.0,7.0,2.0,3.0,2.0,3,Business_22,2019-04-15
Latisha Ibel,Gregor Gomez,1.0,3.0,4.0,3.0,2.0,5.0,3,Business_22,2019-04-15
Verne Francescuzzi,Gregor Gomez,4.0,5.0,6.0,6.0,6.0,6.0,4,Business_22,2019-04-15
Audi Westmacott,Gregor Gomez,5.0,3.0,8.0,6.0,8.0,8.0,4,Business_22,2019-04-15
Gae Crutch,Gregor Gomez,5.0,7.0,4.0,4.0,8.0,4.0,4,Business_22,2019-04-15
Fowler Crewdson,Gregor Gomez,7.0,6.0,6.0,4.0,6.0,4.0,4,Business_22,2019-04-15
Joletta Matzaitis,Gregor Gomez,8.0,8.0,7.0,5.0,8.0,5.0,4,Business_22,2019-04-15
Ofelia Helm,Gregor Gomez,4.0,6.0,3.0,8.0,4.0,8.0,4,Business_22,2019-04-15
Quinton Kuhnt,Gregor Gomez,4.0,6.0,4.0,8.0,6.0,7.0,4,Business_22,2019-04-15
Frankie Mabee,Gregor Gomez,8.0,5.0,4.0,6.0,7.0,7.0,4,Business_22,2019-04-15
Cami Burberow,Gregor Gomez,7.0,5.0,8.0,8.0,8.0,5.0,4,Business_22,2019-04-15
Gayla Bownas,Gregor Gomez,4.0,7.0,5.0,6.0,7.0,8.0,4,Business_22,2019-04-15
Latisha Ibel,Gregor Gomez,3.0,1.0,6.0,5.0,5.0,3.0,4,Business_22,2019-04-15
Verne Francescuzzi,Gregor Gomez,6.0,8.0,6.0,6.0,5.0,5.0,5,Business_22,2019-04-15
Audi Westmacott,Gregor Gomez,5.0,7.0,3.0,5.0,5.0,1.0,5,Business_22,2019-04-15
Gae Crutch,Gregor Gomez,3.0,6.0,5.0,6.0,7.0,6.0,5,Business_22,2019-04-15
Fowler Crewdson,Gregor Gomez,2.0,7.0,8.0,7.0,3.0,8.0,5,Business_22,2019-04-15
Joletta Matzaitis,Gregor Gomez,7.0,2.0,6.0,8.0,5.0,2.0,5,Business_22,2019-04-15
Ofelia Helm,Gregor Gomez,5.0,5.0,5.0,4.0,5.0,4.0,5,Business_22,2019-04-15
Quinton Kuhnt,Gregor Gomez,6.0,6.0,8.0,4.0,5.0,3.0,5,Business_22,2019-04-15
Frankie Mabee,Gregor Gomez,3.0,1.0,8.0,6.0,3.0,5.0,5,Business_22,2019-04-15
Cami Burberow,Gregor Gomez,8.0,6.0,4.0,8.0,8.0,5.0,5,Business_22,2019-04-15
Gayla Bownas,Gregor Gomez,8.0,7.0,7.0,6.0,6.0,2.0,5,Business_22,2019-04-15
Latisha Ibel,Gregor Gomez,4.0,3.0,5.0,8.0,8.0,5.0,5,Business_22,2019-04-15
Verne Francescuzzi,Gregor Gomez,5.0,8.0,8.0,4.0,8.0,6.0,6,Business_22,2019-04-15
Audi Westmacott,Gregor Gomez,7.0,3.0,6.0,1.0,6.0,2.0,6,Business_22,2019-04-15
Gae Crutch,Gregor Gomez,8.0,3.0,8.0,8.0,3.0,6.0,6,Business_22,2019-04-15
Fowler Crewdson,Gregor Gomez,4.0,8.0,8.0,3.0,5.0,8.0,6,Business_22,2019-04-15
Joletta Matzaitis,Gregor Gomez,8.0,4.0,7.0,7.0,3.0,8.0,6,Business_22,2019-04-15
Ofelia Helm,Gregor Gomez,4.0,7.0,8.0,5.0,8.0,6.0,6,Business_22,2019-04-15
Quinton Kuhnt,Gregor Gomez,3.0,7.0,4.0,8.0,5.0,5.0,6,Business_22,2019-04-15
Frankie Mabee,Gregor Gomez,7.0,2.0,8.0,4.0,5.0,4.0,6,Business_22,2019-04-15
Cami Burberow,Gregor Gomez,8.0,7.0,6.0,8.0,7.0,4.0,6,Business_22,2019-04-15
Gayla Bownas,Gregor Gomez,3.0,7.0,5.0,8.0,4.0,8.0,6,Business_22,2019-04-15
Latisha Ibel,Gregor Gomez,5.0,7.0,6.0,3.0,8.0,5.0,6,Business_22,2019-04-15
Verne Francescuzzi,Gregor Gomez,8.0,7.0,8.0,8.0,8.0,8.0,7,Business_22,2019-04-15
Audi Westmacott,Gregor Gomez,6.0,7.0,8.0,8.0,8.0,8.0,7,Business_22,2019-04-15
Gae Crutch,Gregor Gomez,6.0,7.0,8.0,8.0,6.0,8.0,7,Business_22,2019-04-15
Fowler Crewdson,Gregor Gomez,8.0,6.0,8.0,8.0,8.0,4.0,7,Business_22,2019-04-15
Joletta Matzaitis,Gregor Gomez,8.0,8.0,5.0,8.0,8.0,7.0,7,Business_22,2019-04-15
Ofelia Helm,Gregor Gomez,8.0,8.0,8.0,8.0,8.0,8.0,7,Business_22,2019-04-15
Quinton Kuhnt,Gregor Gomez,8.0,8.0,8.0,8.0,8.0,8.0,7,Business_22,2019-04-15
Frankie Mabee,Gregor Gomez,8.0,8.0,7.0,8.0,7.0,7.0,7,Business_22,2019-04-15
Cami Burberow,Gregor Gomez,8.0,8.0,6.0,8.0,5.0,8.0,7,Business_22,2019-04-15
Gayla Bownas,Gregor Gomez,6.0,8.0,4.0,5.0,4.0,8.0,7,Business_22,2019-04-15
Latisha Ibel,Gregor Gomez,6.0,5.0,8.0,8.0,7.0,7.0,7,Business_22,2019-04-15
Verne Francescuzzi,Gregor Gomez,8.0,8.0,8.0,6.0,7.0,6.0,8,Business_22,2019-04-15
Audi Westmacott,Gregor Gomez,8.0,8.0,8.0,6.0,6.0,8.0,8,Business_22,2019-04-15
Gae Crutch,Gregor Gomez,8.0,8.0,8.0,8.0,6.0,8.0,8,Business_22,2019-04-15
Fowler Crewdson,Gregor Gomez,8.0,8.0,8.0,8.0,8.0,8.0,8,Business_22,2019-04-15
Joletta Matzaitis,Gregor Gomez,8.0,8.0,6.0,8.0,7.0,7.0,8,Business_22,2019-04-15
Ofelia Helm,Gregor Gomez,7.0,8.0,8.0,5.0,7.0,6.0,8,Business_22,2019-04-15
Quinton Kuhnt,Gregor Gomez,8.0,8.0,8.0,8.0,8.0,8.0,8,Business_22,2019-04-15
Frankie Mabee,Gregor Gomez,8.0,8.0,8.0,3.0,8.0,8.0,8,Business_22,2019-04-15
Cami Burberow,Gregor Gomez,4.0,6.0,5.0,4.0,8.0,8.0,8,Business_22,2019-04-15
Gayla Bownas,Gregor Gomez,8.0,8.0,8.0,5.0,8.0,8.0,8,Business_22,2019-04-15
Latisha Ibel,Gregor Gomez,8.0,8.0,8.0,5.0,8.0,8.0,8,Business_22,2019-04-15
Darb Noor,Neil Mccarthy,3.0,6.0,2.0,4.0,3.0,2.0,1,Business_23,2019-05-20
Adah Spencers,Neil Mccarthy,5.0,3.0,2.0,5.0,4.0,3.0,1,Business_23,2019-05-20
Kariotta Barense,Neil Mccarthy,4.0,4.0,5.0,2.0,3.0,1.0,1,Business_23,2019-05-20
Biddy Rapps,Neil Mccarthy,4.0,4.0,2.0,5.0,5.0,5.0,1,Business_23,2019-05-20
Thatcher Frankish,Neil Mccarthy,3.0,3.0,1.0,3.0,1.0,6.0,1,Business_23,2019-05-20
Idelle Kidstoun,Neil Mccarthy,4.0,2.0,3.0,3.0,1.0,4.0,1,Business_23,2019-05-20
Bailey Antrim,Neil Mccarthy,2.0,4.0,4.0,4.0,5.0,6.0,1,Business_23,2019-05-20
William Dryden,Neil Mccarthy,2.0,4.0,2.0,2.0,4.0,4.0,1,Business_23,2019-05-20
Dean Burnup,Neil Mccarthy,1.0,4.0,2.0,3.0,2.0,2.0,1,Business_23,2019-05-20
Burtie Garfitt,Neil Mccarthy,1.0,1.0,5.0,5.0,5.0,3.0,1,Business_23,2019-05-20
Maggy Clapison,Neil Mccarthy,2.0,4.0,1.0,2.0,2.0,4.0,1,Business_23,2019-05-20
Julia Llorens,Neil Mccarthy,5.0,7.0,3.0,2.0,2.0,3.0,1,Business_23,2019-05-20
Darb Noor,Neil Mccarthy,1.0,1.0,2.0,5.0,4.0,5.0,2,Business_23,2019-05-20
Adah Spencers,Neil Mccarthy,4.0,5.0,1.0,1.0,4.0,1.0,2,Business_23,2019-05-20
Kariotta Barense,Neil Mccarthy,2.0,2.0,3.0,3.0,6.0,3.0,2,Business_23,2019-05-20
Biddy Rapps,Neil Mccarthy,4.0,3.0,6.0,6.0,2.0,4.0,2,Business_23,2019-05-20
Thatcher Frankish,Neil Mccarthy,3.0,1.0,4.0,2.0,2.0,1.0,2,Business_23,2019-05-20
Idelle Kidstoun,Neil Mccarthy,1.0,6.0,3.0,2.0,3.0,3.0,2,Business_23,2019-05-20
Bailey Antrim,Neil Mccarthy,4.0,2.0,4.0,2.0,4.0,2.0,2,Business_23,2019-05-20
William Dryden,Neil Mccarthy,1.0,2.0,3.0,2.0,3.0,2.0,2,Business_23,2019-05-20
Dean Burnup,Neil Mccarthy,2.0,3.0,1.0,1.0,1.0,3.0,2,Business_23,2019-05-20
Burtie Garfitt,Neil Mccarthy,3.0,3.0,1.0,4.0,2.0,5.0,2,Business_23,2019-05-20
Maggy Clapison,Neil Mccarthy,2.0,4.0,1.0,2.0,2.0,4.0,2,Business_23,2019-05-20
Julia Llorens,Neil Mccarthy,2.0,1.0,1.0,5.0,2.0,2.0,2,Business_23,2019-05-20
Darb Noor,Neil Mccarthy,3.0,5.0,5.0,2.0,4.0,1.0,3,Business_23,2019-05-20
Adah Spencers,Neil Mccarthy,6.0,3.0,1.0,7.0,2.0,2.0,3,Business_23,2019-05-20
Kariotta Barense,Neil Mccarthy,4.0,4.0,5.0,5.0,1.0,4.0,3,Business_23,2019-05-20
Biddy Rapps,Neil Mccarthy,4.0,4.0,2.0,5.0,3.0,3.0,3,Business_23,2019-05-20
Thatcher Frankish,Neil Mccarthy,4.0,4.0,3.0,6.0,4.0,3.0,3,Business_23,2019-05-20
Idelle Kidstoun,Neil Mccarthy,3.0,3.0,1.0,3.0,3.0,1.0,3,Business_23,2019-05-20
Bailey Antrim,Neil Mccarthy,4.0,6.0,2.0,4.0,6.0,3.0,3,Business_23,2019-05-20
William Dryden,Neil Mccarthy,6.0,3.0,2.0,7.0,6.0,2.0,3,Business_23,2019-05-20
Burtie Garfitt,Neil Mccarthy,6.0,1.0,2.0,5.0,1.0,1.0,3,Business_23,2019-05-20
Maggy Clapison,Neil Mccarthy,7.0,5.0,3.0,5.0,1.0,4.0,3,Business_23,2019-05-20
Julia Llorens,Neil Mccarthy,1.0,2.0,4.0,1.0,4.0,2.0,3,Business_23,2019-05-20
Darb Noor,Neil Mccarthy,5.0,2.0,7.0,3.0,4.0,8.0,4,Business_23,2019-05-20
Adah Spencers,Neil Mccarthy,4.0,6.0,8.0,7.0,3.0,5.0,4,Business_23,2019-05-20
Kariotta Barense,Neil Mccarthy,8.0,4.0,7.0,4.0,8.0,6.0,4,Business_23,2019-05-20
Biddy Rapps,Neil Mccarthy,5.0,8.0,6.0,5.0,6.0,4.0,4,Business_23,2019-05-20
Thatcher Frankish,Neil Mccarthy,3.0,7.0,3.0,4.0,5.0,4.0,4,Business_23,2019-05-20
Idelle Kidstoun,Neil Mccarthy,3.0,4.0,8.0,2.0,2.0,8.0,4,Business_23,2019-05-20
Bailey Antrim,Neil Mccarthy,5.0,4.0,3.0,2.0,8.0,4.0,4,Business_23,2019-05-20
William Dryden,Neil Mccarthy,6.0,8.0,5.0,3.0,3.0,8.0,4,Business_23,2019-05-20
Burtie Garfitt,Neil Mccarthy,6.0,6.0,7.0,4.0,5.0,3.0,4,Business_23,2019-05-20
Maggy Clapison,Neil Mccarthy,6.0,7.0,7.0,6.0,8.0,3.0,4,Business_23,2019-05-20
Julia Llorens,Neil Mccarthy,8.0,8.0,8.0,4.0,8.0,4.0,4,Business_23,2019-05-20
Darb Noor,Neil Mccarthy,5.0,4.0,6.0,4.0,8.0,5.0,5,Business_23,2019-05-20
Adah Spencers,Neil Mccarthy,2.0,5.0,8.0,3.0,3.0,5.0,5,Business_23,2019-05-20
Kariotta Barense,Neil Mccarthy,8.0,7.0,2.0,7.0,4.0,3.0,5,Business_23,2019-05-20
Biddy Rapps,Neil Mccarthy,7.0,3.0,3.0,3.0,4.0,7.0,5,Business_23,2019-05-20
Thatcher Frankish,Neil Mccarthy,8.0,4.0,7.0,6.0,4.0,4.0,5,Business_23,2019-05-20
Idelle Kidstoun,Neil Mccarthy,5.0,6.0,3.0,7.0,8.0,4.0,5,Business_23,2019-05-20
Bailey Antrim,Neil Mccarthy,4.0,8.0,1.0,8.0,2.0,3.0,5,Business_23,2019-05-20
William Dryden,Neil Mccarthy,8.0,8.0,7.0,5.0,6.0,5.0,5,Business_23,2019-05-20
Burtie Garfitt,Neil Mccarthy,7.0,6.0,5.0,4.0,6.0,5.0,5,Business_23,2019-05-20
Maggy Clapison,Neil Mccarthy,7.0,4.0,8.0,8.0,8.0,8.0,5,Business_23,2019-05-20
Julia Llorens,Neil Mccarthy,6.0,7.0,7.0,7.0,6.0,5.0,5,Business_23,2019-05-20
Darb Noor,Neil Mccarthy,2.0,3.0,8.0,7.0,8.0,4.0,6,Business_23,2019-05-20
Adah Spencers,Neil Mccarthy,5.0,6.0,5.0,8.0,7.0,7.0,6,Business_23,2019-05-20
Kariotta Barense,Neil Mccarthy,5.0,6.0,8.0,7.0,5.0,7.0,6,Business_23,2019-05-20
Biddy Rapps,Neil Mccarthy,3.0,7.0,8.0,5.0,5.0,6.0,6,Business_23,2019-05-20
Thatcher Frankish,Neil Mccarthy,6.0,3.0,8.0,6.0,3.0,3.0,6,Business_23,2019-05-20
Idelle Kidstoun,Neil Mccarthy,7.0,4.0,5.0,3.0,8.0,3.0,6,Business_23,2019-05-20
Bailey Antrim,Neil Mccarthy,4.0,2.0,4.0,2.0,3.0,2.0,6,Business_23,2019-05-20
William Dryden,Neil Mccarthy,4.0,4.0,8.0,7.0,3.0,6.0,6,Business_23,2019-05-20
Burtie Garfitt,Neil Mccarthy,5.0,6.0,6.0,7.0,6.0,8.0,6,Business_23,2019-05-20
Maggy Clapison,Neil Mccarthy,4.0,4.0,4.0,6.0,7.0,8.0,6,Business_23,2019-05-20
Julia Llorens,Neil Mccarthy,6.0,3.0,8.0,7.0,7.0,4.0,6,Business_23,2019-05-20
Darb Noor,Neil Mccarthy,8.0,8.0,8.0,8.0,6.0,8.0,7,Business_23,2019-05-20
Adah Spencers,Neil Mccarthy,7.0,7.0,7.0,8.0,8.0,8.0,7,Business_23,2019-05-20
Kariotta Barense,Neil Mccarthy,8.0,5.0,8.0,7.0,8.0,8.0,7,Business_23,2019-05-20
Biddy Rapps,Neil Mccarthy,7.0,6.0,8.0,8.0,8.0,7.0,7,Business_23,2019-05-20
Thatcher Frankish,Neil Mccarthy,7.0,5.0,7.0,8.0,8.0,8.0,7,Business_23,2019-05-20
Idelle Kidstoun,Neil Mccarthy,8.0,1.0,8.0,8.0,6.0,5.0,7,Business_23,2019-05-20
Bailey Antrim,Neil Mccarthy,8.0,7.0,7.0,8.0,7.0,5.0,7,Business_23,2019-05-20
William Dryden,Neil Mccarthy,6.0,7.0,8.0,8.0,6.0,8.0,7,Business_23,2019-05-20
Burtie Garfitt,Neil Mccarthy,8.0,4.0,7.0,8.0,8.0,8.0,7,Business_23,2019-05-20
Maggy Clapison,Neil Mccarthy,8.0,8.0,5.0,8.0,8.0,6.0,7,Business_23,2019-05-20
Julia Llorens,Neil Mccarthy,8.0,5.0,3.0,8.0,8.0,8.0,7,Business_23,2019-05-20
Darb Noor,Neil Mccarthy,8.0,6.0,8.0,8.0,8.0,7.0,8,Business_23,2019-05-20
Adah Spencers,Neil Mccarthy,8.0,8.0,6.0,8.0,7.0,8.0,8,Business_23,2019-05-20
Kariotta Barense,Neil Mccarthy,8.0,7.0,8.0,3.0,5.0,8.0,8,Business_23,2019-05-20
Biddy Rapps,Neil Mccarthy,5.0,5.0,8.0,5.0,8.0,8.0,8,Business_23,2019-05-20
Thatcher Frankish,Neil Mccarthy,8.0,8.0,6.0,6.0,7.0,8.0,8,Business_23,2019-05-20
Idelle Kidstoun,Neil Mccarthy,8.0,7.0,5.0,5.0,6.0,7.0,8,Business_23,2019-05-20
Bailey Antrim,Neil Mccarthy,5.0,6.0,6.0,3.0,8.0,6.0,8,Business_23,2019-05-20
William Dryden,Neil Mccarthy,8.0,5.0,8.0,7.0,8.0,7.0,8,Business_23,2019-05-20
Burtie Garfitt,Neil Mccarthy,7.0,8.0,7.0,8.0,5.0,8.0,8,Business_23,2019-05-20
Maggy Clapison,Neil Mccarthy,4.0,8.0,8.0,4.0,4.0,8.0,8,Business_23,2019-05-20
Julia Llorens,Neil Mccarthy,8.0,8.0,8.0,6.0,8.0,8.0,8,Business_23,2019-05-20
Sanford Larking,Rachel Richard,3.0,2.0,3.0,4.0,2.0,1.0,1,Business_24,2019-07-15
Ulrika Lemerie,Rachel Richard,6.0,1.0,3.0,1.0,2.0,2.0,1,Business_24,2019-07-15
Alidia Govett,Rachel Richard,3.0,5.0,7.0,3.0,3.0,3.0,1,Business_24,2019-07-15
Angel Matteau,Rachel Richard,4.0,3.0,1.0,2.0,4.0,4.0,1,Business_24,2019-07-15
Wolfie Showers,Rachel Richard,1.0,7.0,1.0,4.0,2.0,4.0,1,Business_24,2019-07-15
Nicolea Gibbins,Rachel Richard,1.0,2.0,3.0,2.0,4.0,3.0,1,Business_24,2019-07-15
Florina Sudlow,Rachel Richard,7.0,4.0,3.0,3.0,1.0,4.0,1,Business_24,2019-07-15
Dianna Brewett,Rachel Richard,8.0,1.0,2.0,5.0,2.0,2.0,1,Business_24,2019-07-15
Megan Hallihan,Rachel Richard,1.0,1.0,1.0,2.0,5.0,1.0,1,Business_24,2019-07-15
Sherlocke Baselio,Rachel Richard,2.0,5.0,3.0,4.0,5.0,2.0,1,Business_24,2019-07-15
Keen Tripony,Rachel Richard,5.0,1.0,3.0,1.0,3.0,6.0,1,Business_24,2019-07-15
Collete Causbey,Rachel Richard,1.0,7.0,3.0,2.0,3.0,3.0,1,Business_24,2019-07-15
Sanford Larking,Rachel Richard,2.0,2.0,4.0,3.0,1.0,1.0,2,Business_24,2019-07-15
Ulrika Lemerie,Rachel Richard,2.0,3.0,4.0,2.0,2.0,3.0,2,Business_24,2019-07-15
Alidia Govett,Rachel Richard,3.0,4.0,6.0,1.0,2.0,2.0,2,Business_24,2019-07-15
Angel Matteau,Rachel Richard,4.0,7.0,2.0,7.0,2.0,2.0,2,Business_24,2019-07-15
Wolfie Showers,Rachel Richard,3.0,5.0,8.0,2.0,4.0,2.0,2,Business_24,2019-07-15
Nicolea Gibbins,Rachel Richard,4.0,5.0,5.0,2.0,5.0,1.0,2,Business_24,2019-07-15
Florina Sudlow,Rachel Richard,4.0,2.0,4.0,2.0,2.0,3.0,2,Business_24,2019-07-15
Dianna Brewett,Rachel Richard,4.0,6.0,3.0,2.0,2.0,1.0,2,Business_24,2019-07-15
Sherlocke Baselio,Rachel Richard,3.0,7.0,6.0,2.0,1.0,2.0,2,Business_24,2019-07-15
Keen Tripony,Rachel Richard,3.0,2.0,2.0,1.0,4.0,5.0,2,Business_24,2019-07-15
Collete Causbey,Rachel Richard,4.0,1.0,6.0,5.0,2.0,3.0,2,Business_24,2019-07-15
Sanford Larking,Rachel Richard,4.0,5.0,3.0,1.0,3.0,3.0,3,Business_24,2019-07-15
Ulrika Lemerie,Rachel Richard,3.0,5.0,2.0,3.0,3.0,1.0,3,Business_24,2019-07-15
Alidia Govett,Rachel Richard,2.0,2.0,3.0,3.0,1.0,3.0,3,Business_24,2019-07-15
Angel Matteau,Rachel Richard,4.0,2.0,4.0,3.0,3.0,3.0,3,Business_24,2019-07-15
Wolfie Showers,Rachel Richard,1.0,2.0,4.0,2.0,8.0,2.0,3,Business_24,2019-07-15
Nicolea Gibbins,Rachel Richard,4.0,1.0,2.0,1.0,3.0,2.0,3,Business_24,2019-07-15
Florina Sudlow,Rachel Richard,6.0,2.0,3.0,4.0,3.0,3.0,3,Business_24,2019-07-15
Dianna Brewett,Rachel Richard,1.0,2.0,4.0,8.0,4.0,1.0,3,Business_24,2019-07-15
Sherlocke Baselio,Rachel Richard,1.0,3.0,6.0,3.0,1.0,4.0,3,Business_24,2019-07-15
Keen Tripony,Rachel Richard,4.0,4.0,2.0,2.0,5.0,1.0,3,Business_24,2019-07-15
Collete Causbey,Rachel Richard,2.0,4.0,3.0,3.0,2.0,1.0,3,Business_24,2019-07-15
Sanford Larking,Rachel Richard,3.0,6.0,8.0,5.0,8.0,5.0,4,Business_24,2019-07-15
Ulrika Lemerie,Rachel Richard,1.0,5.0,7.0,8.0,4.0,8.0,4,Business_24,2019-07-15
Alidia Govett,Rachel Richard,6.0,7.0,3.0,5.0,6.0,7.0,4,Business_24,2019-07-15
Angel Matteau,Rachel Richard,5.0,8.0,6.0,7.0,8.0,4.0,4,Business_24,2019-07-15
Wolfie Showers,Rachel Richard,2.0,7.0,5.0,6.0,5.0,3.0,4,Business_24,2019-07-15
Nicolea Gibbins,Rachel Richard,5.0,7.0,4.0,5.0,3.0,6.0,4,Business_24,2019-07-15
Florina Sudlow,Rachel Richard,5.0,8.0,2.0,7.0,5.0,5.0,4,Business_24,2019-07-15
Dianna Brewett,Rachel Richard,5.0,8.0,7.0,6.0,3.0,5.0,4,Business_24,2019-07-15
Sherlocke Baselio,Rachel Richard,8.0,5.0,4.0,3.0,2.0,8.0,4,Business_24,2019-07-15
Keen Tripony,Rachel Richard,4.0,4.0,5.0,5.0,7.0,4.0,4,Business_24,2019-07-15
Collete Causbey,Rachel Richard,3.0,6.0,8.0,3.0,8.0,8.0,4,Business_24,2019-07-15
Sanford Larking,Rachel Richard,8.0,4.0,4.0,5.0,8.0,8.0,5,Business_24,2019-07-15
Ulrika Lemerie,Rachel Richard,2.0,3.0,8.0,8.0,1.0,8.0,5,Business_24,2019-07-15
Alidia Govett,Rachel Richard,3.0,7.0,7.0,5.0,6.0,8.0,5,Business_24,2019-07-15
Angel Matteau,Rachel Richard,7.0,8.0,5.0,5.0,4.0,5.0,5,Business_24,2019-07-15
Wolfie Showers,Rachel Richard,5.0,6.0,6.0,3.0,8.0,2.0,5,Business_24,2019-07-15
Nicolea Gibbins,Rachel Richard,4.0,4.0,8.0,4.0,5.0,7.0,5,Business_24,2019-07-15
Florina Sudlow,Rachel Richard,8.0,5.0,8.0,6.0,6.0,6.0,5,Business_24,2019-07-15
Dianna Brewett,Rachel Richard,4.0,5.0,4.0,4.0,6.0,8.0,5,Business_24,2019-07-15
Sherlocke Baselio,Rachel Richard,8.0,6.0,4.0,4.0,5.0,6.0,5,Business_24,2019-07-15
Keen Tripony,Rachel Richard,5.0,6.0,8.0,7.0,7.0,7.0,5,Business_24,2019-07-15
Collete Causbey,Rachel Richard,4.0,2.0,6.0,4.0,8.0,5.0,5,Business_24,2019-07-15
Sanford Larking,Rachel Richard,6.0,8.0,5.0,3.0,7.0,8.0,6,Business_24,2019-07-15
Ulrika Lemerie,Rachel Richard,7.0,2.0,6.0,4.0,6.0,3.0,6,Business_24,2019-07-15
Alidia Govett,Rachel Richard,5.0,4.0,5.0,7.0,6.0,5.0,6,Business_24,2019-07-15
Angel Matteau,Rachel Richard,7.0,7.0,3.0,7.0,8.0,7.0,6,Business_24,2019-07-15
Wolfie Showers,Rachel Richard,6.0,7.0,8.0,6.0,6.0,5.0,6,Business_24,2019-07-15
Nicolea Gibbins,Rachel Richard,4.0,5.0,8.0,6.0,8.0,5.0,6,Business_24,2019-07-15
Florina Sudlow,Rachel Richard,5.0,8.0,7.0,8.0,6.0,8.0,6,Business_24,2019-07-15
Dianna Brewett,Rachel Richard,7.0,8.0,3.0,3.0,8.0,6.0,6,Business_24,2019-07-15
Sherlocke Baselio,Rachel Richard,8.0,5.0,7.0,5.0,6.0,7.0,6,Business_24,2019-07-15
Keen Tripony,Rachel Richard,8.0,7.0,8.0,6.0,8.0,4.0,6,Business_24,2019-07-15
Collete Causbey,Rachel Richard,6.0,8.0,8.0,6.0,3.0,3.0,6,Business_24,2019-07-15
Sanford Larking,Rachel Richard,8.0,8.0,8.0,8.0,8.0,4.0,7,Business_24,2019-07-15
Ulrika Lemerie,Rachel Richard,8.0,7.0,4.0,8.0,8.0,8.0,7,Business_24,2019-07-15
Alidia Govett,Rachel Richard,4.0,8.0,4.0,8.0,8.0,8.0,7,Business_24,2019-07-15
Angel Matteau,Rachel Richard,8.0,8.0,3.0,7.0,8.0,5.0,7,Business_24,2019-07-15
Wolfie Showers,Rachel Richard,8.0,8.0,8.0,8.0,8.0,8.0,7,Business_24,2019-07-15
Nicolea Gibbins,Rachel Richard,8.0,6.0,6.0,8.0,8.0,8.0,7,Business_24,2019-07-15
Florina Sudlow,Rachel Richard,7.0,8.0,8.0,8.0,5.0,8.0,7,Business_24,2019-07-15
Dianna Brewett,Rachel Richard,6.0,6.0,8.0,8.0,8.0,6.0,7,Business_24,2019-07-15
Sherlocke Baselio,Rachel Richard,7.0,8.0,8.0,7.0,8.0,8.0,7,Business_24,2019-07-15
Keen Tripony,Rachel Richard,8.0,8.0,8.0,8.0,8.0,8.0,7,Business_24,2019-07-15
Collete Causbey,Rachel Richard,8.0,8.0,8.0,3.0,8.0,7.0,7,Business_24,2019-07-15
Sanford Larking,Rachel Richard,8.0,8.0,8.0,8.0,8.0,8.0,8,Business_24,2019-07-15
Ulrika Lemerie,Rachel Richard,8.0,8.0,8.0,6.0,6.0,4.0,8,Business_24,2019-07-15
Alidia Govett,Rachel Richard,8.0,8.0,4.0,8.0,8.0,8.0,8,Business_24,2019-07-15
Angel Matteau,Rachel Richard,5.0,8.0,8.0,8.0,6.0,8.0,8,Business_24,2019-07-15
Wolfie Showers,Rachel Richard,8.0,8.0,3.0,6.0,6.0,8.0,8,Business_24,2019-07-15
Nicolea Gibbins,Rachel Richard,8.0,8.0,8.0,8.0,8.0,8.0,8,Business_24,2019-07-15
Florina Sudlow,Rachel Richard,7.0,8.0,8.0,8.0,7.0,7.0,8,Business_24,2019-07-15
Dianna Brewett,Rachel Richard,8.0,8.0,7.0,7.0,8.0,5.0,8,Business_24,2019-07-15
Sherlocke Baselio,Rachel Richard,7.0,8.0,8.0,8.0,8.0,8.0,8,Business_24,2019-07-15
Keen Tripony,Rachel Richard,8.0,3.0,8.0,8.0,8.0,8.0,8,Business_24,2019-07-15
Collete Causbey,Rachel Richard,5.0,8.0,8.0,8.0,8.0,6.0,8,Business_24,2019-07-15
Gabi Ivins,Gregor Gomez,4.0,1.0,6.0,2.0,1.0,1.0,1,Business_25,2019-07-29
Melodee Crippen,Gregor Gomez,4.0,2.0,5.0,1.0,1.0,3.0,1,Business_25,2019-07-29
Wilt Gotliffe,Gregor Gomez,1.0,5.0,4.0,2.0,1.0,3.0,1,Business_25,2019-07-29
Mela Burgill,Gregor Gomez,1.0,7.0,2.0,2.0,3.0,5.0,1,Business_25,2019-07-29
Uriel Eidelman,Gregor Gomez,8.0,2.0,3.0,6.0,4.0,4.0,1,Business_25,2019-07-29
Vivienne Blakelock,Gregor Gomez,2.0,7.0,1.0,6.0,5.0,4.0,1,Business_25,2019-07-29
Auberon Werny,Gregor Gomez,5.0,5.0,6.0,5.0,4.0,2.0,1,Business_25,2019-07-29
Nikolaus Gullefant,Gregor Gomez,1.0,5.0,4.0,4.0,3.0,6.0,1,Business_25,2019-07-29
Prentice Van Der Hoeven,Gregor Gomez,3.0,2.0,4.0,3.0,1.0,4.0,1,Business_25,2019-07-29
Alikee Sawood,Gregor Gomez,2.0,4.0,4.0,1.0,3.0,7.0,1,Business_25,2019-07-29
Guido Lassells,Gregor Gomez,4.0,3.0,6.0,2.0,3.0,1.0,1,Business_25,2019-07-29
Verena Townes,Gregor Gomez,4.0,3.0,6.0,2.0,4.0,4.0,1,Business_25,2019-07-29
Kylie Cordell,Gregor Gomez,3.0,2.0,7.0,5.0,4.0,4.0,1,Business_25,2019-07-29
Gabi Ivins,Gregor Gomez,3.0,2.0,2.0,2.0,5.0,2.0,2,Business_25,2019-07-29
Melodee Crippen,Gregor Gomez,3.0,3.0,3.0,3.0,3.0,1.0,2,Business_25,2019-07-29
Wilt Gotliffe,Gregor Gomez,1.0,3.0,1.0,2.0,1.0,3.0,2,Business_25,2019-07-29
Mela Burgill,Gregor Gomez,5.0,1.0,1.0,5.0,3.0,3.0,2,Business_25,2019-07-29
Uriel Eidelman,Gregor Gomez,2.0,1.0,3.0,4.0,3.0,4.0,2,Business_25,2019-07-29
Vivienne Blakelock,Gregor Gomez,2.0,3.0,1.0,1.0,4.0,1.0,2,Business_25,2019-07-29
Auberon Werny,Gregor Gomez,4.0,5.0,4.0,5.0,4.0,3.0,2,Business_25,2019-07-29
Nikolaus Gullefant,Gregor Gomez,4.0,4.0,3.0,1.0,2.0,2.0,2,Business_25,2019-07-29
Prentice Van Der Hoeven,Gregor Gomez,3.0,3.0,5.0,1.0,2.0,1.0,2,Business_25,2019-07-29
Alikee Sawood,Gregor Gomez,1.0,3.0,4.0,3.0,1.0,3.0,2,Business_25,2019-07-29
Guido Lassells,Gregor Gomez,1.0,3.0,1.0,1.0,1.0,4.0,2,Business_25,2019-07-29
Verena Townes,Gregor Gomez,4.0,6.0,1.0,2.0,1.0,1.0,2,Business_25,2019-07-29
Kylie Cordell,Gregor Gomez,6.0,6.0,2.0,3.0,2.0,3.0,2,Business_25,2019-07-29
Gabi Ivins,Gregor Gomez,4.0,1.0,6.0,2.0,3.0,5.0,3,Business_25,2019-07-29
Melodee Crippen,Gregor Gomez,3.0,2.0,6.0,1.0,5.0,4.0,3,Business_25,2019-07-29
Mela Burgill,Gregor Gomez,2.0,4.0,5.0,2.0,2.0,4.0,3,Business_25,2019-07-29
Uriel Eidelman,Gregor Gomez,1.0,1.0,6.0,2.0,4.0,2.0,3,Business_25,2019-07-29
Vivienne Blakelock,Gregor Gomez,1.0,4.0,2.0,1.0,1.0,2.0,3,Business_25,2019-07-29
Auberon Werny,Gregor Gomez,3.0,2.0,1.0,3.0,4.0,4.0,3,Business_25,2019-07-29
Nikolaus Gullefant,Gregor Gomez,2.0,3.0,6.0,1.0,5.0,1.0,3,Business_25,2019-07-29
Prentice Van Der Hoeven,Gregor Gomez,2.0,5.0,3.0,3.0,3.0,4.0,3,Business_25,2019-07-29
Alikee Sawood,Gregor Gomez,2.0,1.0,2.0,2.0,5.0,3.0,3,Business_25,2019-07-29
Verena Townes,Gregor Gomez,2.0,5.0,6.0,2.0,2.0,1.0,3,Business_25,2019-07-29
Kylie Cordell,Gregor Gomez,2.0,1.0,4.0,2.0,4.0,2.0,3,Business_25,2019-07-29
Gabi Ivins,Gregor Gomez,6.0,7.0,6.0,4.0,3.0,2.0,4,Business_25,2019-07-29
Melodee Crippen,Gregor Gomez,6.0,3.0,1.0,7.0,6.0,6.0,4,Business_25,2019-07-29
Mela Burgill,Gregor Gomez,8.0,8.0,8.0,6.0,4.0,6.0,4,Business_25,2019-07-29
Uriel Eidelman,Gregor Gomez,8.0,4.0,8.0,4.0,8.0,8.0,4,Business_25,2019-07-29
Auberon Werny,Gregor Gomez,7.0,7.0,5.0,1.0,6.0,8.0,4,Business_25,2019-07-29
Nikolaus Gullefant,Gregor Gomez,3.0,7.0,3.0,2.0,6.0,3.0,4,Business_25,2019-07-29
Prentice Van Der Hoeven,Gregor Gomez,4.0,8.0,4.0,1.0,4.0,5.0,4,Business_25,2019-07-29
Alikee Sawood,Gregor Gomez,8.0,6.0,7.0,8.0,4.0,5.0,4,Business_25,2019-07-29
Verena Townes,Gregor Gomez,8.0,2.0,6.0,6.0,8.0,8.0,4,Business_25,2019-07-29
Kylie Cordell,Gregor Gomez,3.0,6.0,2.0,4.0,5.0,7.0,4,Business_25,2019-07-29
Gabi Ivins,Gregor Gomez,8.0,5.0,3.0,4.0,3.0,7.0,5,Business_25,2019-07-29
Melodee Crippen,Gregor Gomez,8.0,3.0,5.0,3.0,8.0,5.0,5,Business_25,2019-07-29
Mela Burgill,Gregor Gomez,6.0,6.0,3.0,8.0,5.0,6.0,5,Business_25,2019-07-29
Uriel Eidelman,Gregor Gomez,8.0,7.0,6.0,8.0,5.0,7.0,5,Business_25,2019-07-29
Auberon Werny,Gregor Gomez,6.0,8.0,8.0,5.0,5.0,8.0,5,Business_25,2019-07-29
Nikolaus Gullefant,Gregor Gomez,6.0,4.0,7.0,7.0,8.0,7.0,5,Business_25,2019-07-29
Prentice Van Der Hoeven,Gregor Gomez,6.0,4.0,5.0,4.0,1.0,5.0,5,Business_25,2019-07-29
Alikee Sawood,Gregor Gomez,7.0,8.0,7.0,8.0,4.0,4.0,5,Business_25,2019-07-29
Verena Townes,Gregor Gomez,7.0,5.0,8.0,6.0,7.0,8.0,5,Business_25,2019-07-29
Kylie Cordell,Gregor Gomez,7.0,4.0,8.0,7.0,8.0,8.0,5,Business_25,2019-07-29
Gabi Ivins,Gregor Gomez,1.0,8.0,8.0,8.0,4.0,8.0,6,Business_25,2019-07-29
Melodee Crippen,Gregor Gomez,6.0,8.0,5.0,5.0,8.0,1.0,6,Business_25,2019-07-29
Mela Burgill,Gregor Gomez,8.0,3.0,3.0,5.0,7.0,6.0,6,Business_25,2019-07-29
Uriel Eidelman,Gregor Gomez,3.0,6.0,6.0,6.0,5.0,5.0,6,Business_25,2019-07-29
Auberon Werny,Gregor Gomez,3.0,5.0,6.0,7.0,8.0,7.0,6,Business_25,2019-07-29
Nikolaus Gullefant,Gregor Gomez,8.0,6.0,8.0,7.0,4.0,5.0,6,Business_25,2019-07-29
Prentice Van Der Hoeven,Gregor Gomez,6.0,6.0,8.0,6.0,3.0,5.0,6,Business_25,2019-07-29
Alikee Sawood,Gregor Gomez,3.0,2.0,7.0,6.0,5.0,8.0,6,Business_25,2019-07-29
Verena Townes,Gregor Gomez,1.0,7.0,8.0,1.0,7.0,8.0,6,Business_25,2019-07-29
Kylie Cordell,Gregor Gomez,8.0,7.0,5.0,4.0,5.0,3.0,6,Business_25,2019-07-29
Gabi Ivins,Gregor Gomez,8.0,8.0,8.0,8.0,8.0,8.0,7,Business_25,2019-07-29
Melodee Crippen,Gregor Gomez,8.0,8.0,5.0,4.0,7.0,8.0,7,Business_25,2019-07-29
Mela Burgill,Gregor Gomez,4.0,8.0,8.0,8.0,8.0,8.0,7,Business_25,2019-07-29
Uriel Eidelman,Gregor Gomez,8.0,8.0,7.0,8.0,8.0,8.0,7,Business_25,2019-07-29
Auberon Werny,Gregor Gomez,8.0,8.0,6.0,6.0,8.0,8.0,7,Business_25,2019-07-29
Nikolaus Gullefant,Gregor Gomez,8.0,8.0,6.0,8.0,8.0,8.0,7,Business_25,2019-07-29
Prentice Van Der Hoeven,Gregor Gomez,8.0,8.0,8.0,8.0,7.0,8.0,7,Business_25,2019-07-29
Alikee Sawood,Gregor Gomez,6.0,7.0,8.0,8.0,7.0,8.0,7,Business_25,2019-07-29
Verena Townes,Gregor Gomez,6.0,8.0,8.0,8.0,8.0,8.0,7,Business_25,2019-07-29
Kylie Cordell,Gregor Gomez,8.0,6.0,8.0,3.0,8.0,6.0,7,Business_25,2019-07-29
Gabi Ivins,Gregor Gomez,8.0,7.0,8.0,8.0,8.0,8.0,8,Business_25,2019-07-29
Melodee Crippen,Gregor Gomez,8.0,8.0,6.0,8.0,8.0,8.0,8,Business_25,2019-07-29
Mela Burgill,Gregor Gomez,8.0,7.0,4.0,8.0,3.0,8.0,8,Business_25,2019-07-29
Uriel Eidelman,Gregor Gomez,8.0,6.0,8.0,8.0,8.0,7.0,8,Business_25,2019-07-29
Auberon Werny,Gregor Gomez,8.0,8.0,8.0,8.0,8.0,8.0,8,Business_25,2019-07-29
Nikolaus Gullefant,Gregor Gomez,7.0,4.0,8.0,8.0,8.0,8.0,8,Business_25,2019-07-29
Prentice Van Der Hoeven,Gregor Gomez,8.0,7.0,4.0,8.0,8.0,5.0,8,Business_25,2019-07-29
Alikee Sawood,Gregor Gomez,8.0,4.0,8.0,4.0,8.0,8.0,8,Business_25,2019-07-29
Verena Townes,Gregor Gomez,3.0,8.0,7.0,7.0,8.0,8.0,8,Business_25,2019-07-29
Kylie Cordell,Gregor Gomez,5.0,8.0,8.0,8.0,8.0,7.0,8,Business_25,2019-07-29
Cornelia Artist,Hamzah Melia,3.0,5.0,2.0,4.0,1.0,3.0,1,Business_26,2019-08-12
Hanni Katt,Hamzah Melia,6.0,1.0,2.0,1.0,5.0,7.0,1,Business_26,2019-08-12
Eric Spritt,Hamzah Melia,1.0,4.0,6.0,5.0,1.0,1.0,1,Business_26,2019-08-12
Merrill Mckie,Hamzah Melia,7.0,3.0,2.0,4.0,2.0,2.0,1,Business_26,2019-08-12
Marcela Riding,Hamzah Melia,3.0,4.0,3.0,2.0,4.0,3.0,1,Business_26,2019-08-12
Lea Normington,Hamzah Melia,2.0,1.0,3.0,4.0,3.0,1.0,1,Business_26,2019-08-12
Aguste Tann,Hamzah Melia,4.0,3.0,4.0,4.0,3.0,2.0,1,Business_26,2019-08-12
Anet Satterley,Hamzah Melia,7.0,1.0,4.0,2.0,2.0,3.0,1,Business_26,2019-08-12
Agace O'Shields,Hamzah Melia,4.0,2.0,2.0,3.0,1.0,6.0,1,Business_26,2019-08-12
Cornelia Artist,Hamzah Melia,2.0,1.0,5.0,3.0,4.0,3.0,2,Business_26,2019-08-12
Hanni Katt,Hamzah Melia,5.0,2.0,6.0,2.0,2.0,1.0,2,Business_26,2019-08-12
Eric Spritt,Hamzah Melia,1.0,6.0,4.0,3.0,1.0,6.0,2,Business_26,2019-08-12
Merrill Mckie,Hamzah Melia,2.0,3.0,5.0,7.0,3.0,1.0,2,Business_26,2019-08-12
Marcela Riding,Hamzah Melia,1.0,3.0,2.0,1.0,1.0,3.0,2,Business_26,2019-08-12
Lea Normington,Hamzah Melia,4.0,2.0,6.0,4.0,5.0,1.0,2,Business_26,2019-08-12
Aguste Tann,Hamzah Melia,4.0,2.0,2.0,3.0,1.0,1.0,2,Business_26,2019-08-12
Anet Satterley,Hamzah Melia,1.0,5.0,3.0,3.0,3.0,3.0,2,Business_26,2019-08-12
Agace O'Shields,Hamzah Melia,1.0,4.0,4.0,2.0,1.0,5.0,2,Business_26,2019-08-12
Cornelia Artist,Hamzah Melia,3.0,8.0,1.0,2.0,2.0,1.0,3,Business_26,2019-08-12
Hanni Katt,Hamzah Melia,5.0,2.0,5.0,3.0,3.0,2.0,3,Business_26,2019-08-12
Eric Spritt,Hamzah Melia,4.0,4.0,4.0,6.0,1.0,4.0,3,Business_26,2019-08-12
Merrill Mckie,Hamzah Melia,4.0,1.0,2.0,3.0,6.0,1.0,3,Business_26,2019-08-12
Lea Normington,Hamzah Melia,2.0,5.0,4.0,1.0,3.0,2.0,3,Business_26,2019-08-12
Aguste Tann,Hamzah Melia,1.0,3.0,1.0,5.0,1.0,2.0,3,Business_26,2019-08-12
Anet Satterley,Hamzah Melia,4.0,7.0,4.0,3.0,1.0,4.0,3,Business_26,2019-08-12
Agace O'Shields,Hamzah Melia,2.0,2.0,3.0,1.0,1.0,6.0,3,Business_26,2019-08-12
Cornelia Artist,Hamzah Melia,8.0,4.0,2.0,5.0,2.0,5.0,4,Business_26,2019-08-12
Hanni Katt,Hamzah Melia,5.0,4.0,4.0,8.0,3.0,8.0,4,Business_26,2019-08-12
Eric Spritt,Hamzah Melia,7.0,6.0,5.0,5.0,4.0,4.0,4,Business_26,2019-08-12
Merrill Mckie,Hamzah Melia,4.0,2.0,8.0,8.0,8.0,5.0,4,Business_26,2019-08-12
Lea Normington,Hamzah Melia,6.0,8.0,6.0,8.0,6.0,5.0,4,Business_26,2019-08-12
Aguste Tann,Hamzah Melia,6.0,4.0,8.0,4.0,4.0,7.0,4,Business_26,2019-08-12
Anet Satterley,Hamzah Melia,4.0,6.0,8.0,5.0,5.0,8.0,4,Business_26,2019-08-12
Agace O'Shields,Hamzah Melia,8.0,8.0,6.0,7.0,8.0,7.0,4,Business_26,2019-08-12
Cornelia Artist,Hamzah Melia,1.0,8.0,6.0,8.0,5.0,1.0,5,Business_26,2019-08-12
Hanni Katt,Hamzah Melia,4.0,6.0,7.0,7.0,8.0,5.0,5,Business_26,2019-08-12
Eric Spritt,Hamzah Melia,5.0,8.0,7.0,4.0,4.0,5.0,5,Business_26,2019-08-12
Merrill Mckie,Hamzah Melia,7.0,2.0,2.0,8.0,5.0,8.0,5,Business_26,2019-08-12
Lea Normington,Hamzah Melia,5.0,8.0,8.0,6.0,6.0,8.0,5,Business_26,2019-08-12
Aguste Tann,Hamzah Melia,8.0,3.0,8.0,8.0,4.0,6.0,5,Business_26,2019-08-12
Anet Satterley,Hamzah Melia,7.0,8.0,2.0,8.0,5.0,3.0,5,Business_26,2019-08-12
Agace O'Shields,Hamzah Melia,6.0,6.0,8.0,8.0,8.0,3.0,5,Business_26,2019-08-12
Cornelia Artist,Hamzah Melia,8.0,3.0,8.0,8.0,8.0,5.0,6,Business_26,2019-08-12
Hanni Katt,Hamzah Melia,3.0,2.0,8.0,5.0,6.0,8.0,6,Business_26,2019-08-12
Eric Spritt,Hamzah Melia,3.0,6.0,4.0,5.0,7.0,8.0,6,Business_26,2019-08-12
Merrill Mckie,Hamzah Melia,7.0,4.0,6.0,6.0,8.0,7.0,6,Business_26,2019-08-12
Lea Normington,Hamzah Melia,8.0,2.0,7.0,8.0,5.0,4.0,6,Business_26,2019-08-12
Aguste Tann,Hamzah Melia,6.0,5.0,3.0,8.0,8.0,5.0,6,Business_26,2019-08-12
Anet Satterley,Hamzah Melia,2.0,5.0,6.0,8.0,7.0,6.0,6,Business_26,2019-08-12
Agace O'Shields,Hamzah Melia,8.0,8.0,3.0,4.0,4.0,2.0,6,Business_26,2019-08-12
Cornelia Artist,Hamzah Melia,8.0,8.0,8.0,8.0,7.0,8.0,7,Business_26,2019-08-12
Hanni Katt,Hamzah Melia,8.0,8.0,7.0,8.0,8.0,8.0,7,Business_26,2019-08-12
Eric Spritt,Hamzah Melia,8.0,8.0,2.0,7.0,7.0,8.0,7,Business_26,2019-08-12
Merrill Mckie,Hamzah Melia,8.0,8.0,8.0,2.0,8.0,5.0,7,Business_26,2019-08-12
Lea Normington,Hamzah Melia,7.0,7.0,8.0,7.0,8.0,6.0,7,Business_26,2019-08-12
Aguste Tann,Hamzah Melia,8.0,7.0,7.0,6.0,6.0,8.0,7,Business_26,2019-08-12
Anet Satterley,Hamzah Melia,8.0,8.0,8.0,8.0,6.0,8.0,7,Business_26,2019-08-12
Agace O'Shields,Hamzah Melia,8.0,5.0,3.0,7.0,4.0,2.0,7,Business_26,2019-08-12
Cornelia Artist,Hamzah Melia,8.0,8.0,8.0,8.0,6.0,8.0,8,Business_26,2019-08-12
Hanni Katt,Hamzah Melia,6.0,7.0,8.0,8.0,8.0,7.0,8,Business_26,2019-08-12
Eric Spritt,Hamzah Melia,8.0,8.0,1.0,2.0,6.0,7.0,8,Business_26,2019-08-12
Merrill Mckie,Hamzah Melia,8.0,8.0,4.0,8.0,8.0,8.0,8,Business_26,2019-08-12
Lea Normington,Hamzah Melia,8.0,7.0,6.0,8.0,4.0,8.0,8,Business_26,2019-08-12
Aguste Tann,Hamzah Melia,8.0,8.0,5.0,8.0,8.0,3.0,8,Business_26,2019-08-12
Anet Satterley,Hamzah Melia,8.0,7.0,8.0,7.0,5.0,7.0,8,Business_26,2019-08-12
Agace O'Shields,Hamzah Melia,8.0,8.0,8.0,8.0,6.0,8.0,8,Business_26,2019-08-12
Matteo Yeowell,Burhan Milner,3.0,5.0,2.0,1.0,3.0,5.0,1,Business_27,2019-09-16
Deck Itzchaki,Burhan Milner,2.0,3.0,4.0,2.0,4.0,3.0,1,Business_27,2019-09-16
Tarrah Bunny,Burhan Milner,3.0,6.0,3.0,4.0,3.0,5.0,1,Business_27,2019-09-16
Fairlie Cogzell,Burhan Milner,5.0,2.0,2.0,3.0,3.0,3.0,1,Business_27,2019-09-16
Robinet Renwick,Burhan Milner,3.0,2.0,2.0,3.0,2.0,2.0,1,Business_27,2019-09-16
Boote Moan,Burhan Milner,5.0,4.0,3.0,6.0,2.0,4.0,1,Business_27,2019-09-16
Vaughn Wallington,Burhan Milner,1.0,1.0,2.0,3.0,1.0,4.0,1,Business_27,2019-09-16
Jim Dwerryhouse,Burhan Milner,5.0,3.0,4.0,3.0,4.0,2.0,1,Business_27,2019-09-16
Harriett Saffin,Burhan Milner,3.0,4.0,3.0,1.0,3.0,5.0,1,Business_27,2019-09-16
Omero Shill,Burhan Milner,4.0,5.0,2.0,1.0,4.0,1.0,1,Business_27,2019-09-16
Matteo Yeowell,Burhan Milner,4.0,1.0,1.0,4.0,4.0,4.0,2,Business_27,2019-09-16
Deck Itzchaki,Burhan Milner,2.0,1.0,2.0,2.0,2.0,3.0,2,Business_27,2019-09-16
Tarrah Bunny,Burhan Milner,1.0,1.0,3.0,6.0,3.0,2.0,2,Business_27,2019-09-16
Fairlie Cogzell,Burhan Milner,3.0,4.0,4.0,2.0,3.0,3.0,2,Business_27,2019-09-16
Robinet Renwick,Burhan Milner,1.0,1.0,3.0,2.0,3.0,5.0,2,Business_27,2019-09-16
Boote Moan,Burhan Milner,8.0,4.0,1.0,4.0,4.0,2.0,2,Business_27,2019-09-16
Vaughn Wallington,Burhan Milner,6.0,2.0,4.0,1.0,2.0,3.0,2,Business_27,2019-09-16
Jim Dwerryhouse,Burhan Milner,1.0,1.0,5.0,2.0,4.0,5.0,2,Business_27,2019-09-16
Harriett Saffin,Burhan Milner,2.0,3.0,4.0,1.0,4.0,2.0,2,Business_27,2019-09-16
Omero Shill,Burhan Milner,4.0,5.0,3.0,3.0,3.0,3.0,2,Business_27,2019-09-16
Matteo Yeowell,Burhan Milner,5.0,4.0,6.0,2.0,7.0,3.0,3,Business_27,2019-09-16
Deck Itzchaki,Burhan Milner,2.0,1.0,2.0,1.0,2.0,6.0,3,Business_27,2019-09-16
Tarrah Bunny,Burhan Milner,6.0,1.0,4.0,3.0,5.0,3.0,3,Business_27,2019-09-16
Fairlie Cogzell,Burhan Milner,1.0,5.0,4.0,2.0,5.0,5.0,3,Business_27,2019-09-16
Robinet Renwick,Burhan Milner,2.0,6.0,6.0,3.0,2.0,2.0,3,Business_27,2019-09-16
Boote Moan,Burhan Milner,7.0,3.0,2.0,1.0,1.0,3.0,3,Business_27,2019-09-16
Vaughn Wallington,Burhan Milner,4.0,2.0,2.0,2.0,2.0,4.0,3,Business_27,2019-09-16
Jim Dwerryhouse,Burhan Milner,1.0,2.0,2.0,2.0,3.0,3.0,3,Business_27,2019-09-16
Harriett Saffin,Burhan Milner,2.0,7.0,1.0,1.0,7.0,5.0,3,Business_27,2019-09-16
Omero Shill,Burhan Milner,4.0,4.0,2.0,2.0,3.0,3.0,3,Business_27,2019-09-16
Matteo Yeowell,Burhan Milner,8.0,4.0,6.0,4.0,6.0,5.0,4,Business_27,2019-09-16
Deck Itzchaki,Burhan Milner,6.0,8.0,4.0,8.0,3.0,6.0,4,Business_27,2019-09-16
Tarrah Bunny,Burhan Milner,6.0,8.0,6.0,3.0,7.0,8.0,4,Business_27,2019-09-16
Fairlie Cogzell,Burhan Milner,7.0,6.0,6.0,3.0,4.0,4.0,4,Business_27,2019-09-16
Robinet Renwick,Burhan Milner,6.0,3.0,6.0,7.0,4.0,8.0,4,Business_27,2019-09-16
Boote Moan,Burhan Milner,8.0,4.0,8.0,5.0,5.0,7.0,4,Business_27,2019-09-16
Vaughn Wallington,Burhan Milner,5.0,4.0,7.0,4.0,6.0,4.0,4,Business_27,2019-09-16
Jim Dwerryhouse,Burhan Milner,5.0,3.0,3.0,7.0,8.0,4.0,4,Business_27,2019-09-16
Harriett Saffin,Burhan Milner,6.0,4.0,8.0,1.0,7.0,7.0,4,Business_27,2019-09-16
Omero Shill,Burhan Milner,6.0,8.0,5.0,2.0,6.0,8.0,4,Business_27,2019-09-16
Matteo Yeowell,Burhan Milner,8.0,5.0,8.0,8.0,5.0,7.0,5,Business_27,2019-09-16
Deck Itzchaki,Burhan Milner,3.0,6.0,3.0,7.0,7.0,4.0,5,Business_27,2019-09-16
Tarrah Bunny,Burhan Milner,7.0,6.0,6.0,2.0,8.0,4.0,5,Business_27,2019-09-16
Fairlie Cogzell,Burhan Milner,6.0,3.0,6.0,5.0,7.0,8.0,5,Business_27,2019-09-16
Robinet Renwick,Burhan Milner,6.0,6.0,8.0,7.0,8.0,5.0,5,Business_27,2019-09-16
Boote Moan,Burhan Milner,5.0,7.0,4.0,6.0,8.0,8.0,5,Business_27,2019-09-16
Vaughn Wallington,Burhan Milner,8.0,7.0,5.0,4.0,5.0,2.0,5,Business_27,2019-09-16
Jim Dwerryhouse,Burhan Milner,7.0,5.0,4.0,7.0,7.0,8.0,5,Business_27,2019-09-16
Harriett Saffin,Burhan Milner,7.0,7.0,6.0,6.0,4.0,4.0,5,Business_27,2019-09-16
Omero Shill,Burhan Milner,5.0,5.0,3.0,8.0,8.0,7.0,5,Business_27,2019-09-16
Matteo Yeowell,Burhan Milner,6.0,4.0,8.0,6.0,7.0,5.0,6,Business_27,2019-09-16
Deck Itzchaki,Burhan Milner,6.0,7.0,7.0,8.0,3.0,3.0,6,Business_27,2019-09-16
Tarrah Bunny,Burhan Milner,6.0,5.0,5.0,7.0,4.0,2.0,6,Business_27,2019-09-16
Fairlie Cogzell,Burhan Milner,6.0,6.0,6.0,2.0,5.0,4.0,6,Business_27,2019-09-16
Robinet Renwick,Burhan Milner,7.0,3.0,5.0,5.0,3.0,6.0,6,Business_27,2019-09-16
Boote Moan,Burhan Milner,2.0,4.0,7.0,8.0,6.0,8.0,6,Business_27,2019-09-16
Vaughn Wallington,Burhan Milner,8.0,3.0,4.0,3.0,8.0,3.0,6,Business_27,2019-09-16
Jim Dwerryhouse,Burhan Milner,3.0,8.0,8.0,7.0,7.0,4.0,6,Business_27,2019-09-16
Harriett Saffin,Burhan Milner,7.0,6.0,5.0,8.0,8.0,8.0,6,Business_27,2019-09-16
Omero Shill,Burhan Milner,1.0,8.0,4.0,8.0,4.0,8.0,6,Business_27,2019-09-16
Matteo Yeowell,Burhan Milner,8.0,7.0,8.0,8.0,8.0,8.0,7,Business_27,2019-09-16
Deck Itzchaki,Burhan Milner,7.0,7.0,8.0,8.0,8.0,8.0,7,Business_27,2019-09-16
Tarrah Bunny,Burhan Milner,8.0,8.0,8.0,8.0,7.0,7.0,7,Business_27,2019-09-16
Fairlie Cogzell,Burhan Milner,7.0,8.0,8.0,7.0,5.0,7.0,7,Business_27,2019-09-16
Robinet Renwick,Burhan Milner,5.0,8.0,7.0,8.0,7.0,8.0,7,Business_27,2019-09-16
Boote Moan,Burhan Milner,8.0,8.0,5.0,7.0,6.0,8.0,7,Business_27,2019-09-16
Vaughn Wallington,Burhan Milner,6.0,8.0,8.0,8.0,8.0,7.0,7,Business_27,2019-09-16
Jim Dwerryhouse,Burhan Milner,8.0,7.0,8.0,8.0,7.0,8.0,7,Business_27,2019-09-16
Harriett Saffin,Burhan Milner,8.0,5.0,5.0,6.0,8.0,8.0,7,Business_27,2019-09-16
Omero Shill,Burhan Milner,8.0,6.0,5.0,5.0,6.0,8.0,7,Business_27,2019-09-16
Matteo Yeowell,Burhan Milner,6.0,8.0,6.0,8.0,8.0,8.0,8,Business_27,2019-09-16
Deck Itzchaki,Burhan Milner,5.0,8.0,8.0,8.0,8.0,8.0,8,Business_27,2019-09-16
Tarrah Bunny,Burhan Milner,8.0,8.0,8.0,8.0,8.0,4.0,8,Business_27,2019-09-16
Fairlie Cogzell,Burhan Milner,7.0,7.0,8.0,8.0,8.0,8.0,8,Business_27,2019-09-16
Robinet Renwick,Burhan Milner,8.0,8.0,8.0,6.0,8.0,4.0,8,Business_27,2019-09-16
Boote Moan,Burhan Milner,8.0,8.0,6.0,6.0,7.0,8.0,8,Business_27,2019-09-16
Vaughn Wallington,Burhan Milner,8.0,8.0,8.0,6.0,8.0,8.0,8,Business_27,2019-09-16
Jim Dwerryhouse,Burhan Milner,8.0,8.0,8.0,8.0,8.0,7.0,8,Business_27,2019-09-16
Harriett Saffin,Burhan Milner,8.0,8.0,4.0,8.0,8.0,8.0,8,Business_27,2019-09-16
Omero Shill,Burhan Milner,8.0,5.0,8.0,8.0,7.0,8.0,8,Business_27,2019-09-16
Casey Putten,Elly Kelly,3.0,1.0,3.0,4.0,6.0,5.0,1,Business_28,2019-10-21
Una Caldicot,Elly Kelly,2.0,3.0,5.0,2.0,3.0,4.0,1,Business_28,2019-10-21
Riva Mangeot,Elly Kelly,4.0,7.0,2.0,2.0,2.0,3.0,1,Business_28,2019-10-21
Gery Marchment,Elly Kelly,4.0,3.0,4.0,2.0,1.0,1.0,1,Business_28,2019-10-21
Brendan Tithecott,Elly Kelly,3.0,4.0,4.0,3.0,2.0,1.0,1,Business_28,2019-10-21
Dorice Slides,Elly Kelly,5.0,2.0,3.0,3.0,4.0,2.0,1,Business_28,2019-10-21
Kalinda Leebetter,Elly Kelly,2.0,1.0,2.0,4.0,8.0,1.0,1,Business_28,2019-10-21
Fifi Kingsly,Elly Kelly,3.0,2.0,5.0,3.0,3.0,1.0,1,Business_28,2019-10-21
Zollie Danks,Elly Kelly,1.0,3.0,1.0,3.0,5.0,5.0,1,Business_28,2019-10-21
Katleen Trunks,Elly Kelly,2.0,3.0,5.0,4.0,5.0,3.0,1,Business_28,2019-10-21
Heida Cossom,Elly Kelly,1.0,3.0,2.0,6.0,1.0,2.0,1,Business_28,2019-10-21
Nicola Lavall,Elly Kelly,1.0,3.0,4.0,2.0,2.0,7.0,1,Business_28,2019-10-21
Casey Putten,Elly Kelly,1.0,3.0,2.0,1.0,7.0,1.0,2,Business_28,2019-10-21
Una Caldicot,Elly Kelly,1.0,2.0,1.0,4.0,1.0,5.0,2,Business_28,2019-10-21
Riva Mangeot,Elly Kelly,3.0,1.0,3.0,4.0,2.0,2.0,2,Business_28,2019-10-21
Gery Marchment,Elly Kelly,2.0,4.0,3.0,1.0,1.0,2.0,2,Business_28,2019-10-21
Brendan Tithecott,Elly Kelly,2.0,6.0,1.0,6.0,5.0,3.0,2,Business_28,2019-10-21
Dorice Slides,Elly Kelly,3.0,1.0,1.0,1.0,3.0,2.0,2,Business_28,2019-10-21
Kalinda Leebetter,Elly Kelly,3.0,3.0,2.0,6.0,1.0,1.0,2,Business_28,2019-10-21
Fifi Kingsly,Elly Kelly,5.0,4.0,2.0,2.0,2.0,2.0,2,Business_28,2019-10-21
Zollie Danks,Elly Kelly,2.0,5.0,1.0,1.0,2.0,2.0,2,Business_28,2019-10-21
Katleen Trunks,Elly Kelly,2.0,4.0,3.0,4.0,4.0,2.0,2,Business_28,2019-10-21
Heida Cossom,Elly Kelly,1.0,3.0,3.0,5.0,5.0,2.0,2,Business_28,2019-10-21
Nicola Lavall,Elly Kelly,7.0,6.0,3.0,8.0,3.0,2.0,2,Business_28,2019-10-21
Casey Putten,Elly Kelly,4.0,2.0,3.0,5.0,4.0,6.0,3,Business_28,2019-10-21
Una Caldicot,Elly Kelly,1.0,1.0,4.0,1.0,5.0,6.0,3,Business_28,2019-10-21
Riva Mangeot,Elly Kelly,2.0,4.0,1.0,1.0,2.0,3.0,3,Business_28,2019-10-21
Gery Marchment,Elly Kelly,6.0,1.0,2.0,6.0,2.0,3.0,3,Business_28,2019-10-21
Brendan Tithecott,Elly Kelly,4.0,5.0,1.0,2.0,5.0,4.0,3,Business_28,2019-10-21
Kalinda Leebetter,Elly Kelly,5.0,4.0,1.0,5.0,2.0,3.0,3,Business_28,2019-10-21
Fifi Kingsly,Elly Kelly,6.0,1.0,7.0,4.0,6.0,1.0,3,Business_28,2019-10-21
Zollie Danks,Elly Kelly,5.0,1.0,1.0,1.0,4.0,1.0,3,Business_28,2019-10-21
Katleen Trunks,Elly Kelly,6.0,3.0,3.0,3.0,1.0,4.0,3,Business_28,2019-10-21
Heida Cossom,Elly Kelly,4.0,3.0,1.0,3.0,3.0,1.0,3,Business_28,2019-10-21
Nicola Lavall,Elly Kelly,4.0,5.0,2.0,1.0,3.0,2.0,3,Business_28,2019-10-21
Casey Putten,Elly Kelly,3.0,8.0,5.0,5.0,6.0,8.0,4,Business_28,2019-10-21
Una Caldicot,Elly Kelly,6.0,4.0,8.0,2.0,6.0,2.0,4,Business_28,2019-10-21
Riva Mangeot,Elly Kelly,1.0,3.0,8.0,8.0,3.0,4.0,4,Business_28,2019-10-21
Gery Marchment,Elly Kelly,4.0,7.0,4.0,6.0,2.0,4.0,4,Business_28,2019-10-21
Brendan Tithecott,Elly Kelly,4.0,8.0,6.0,5.0,3.0,4.0,4,Business_28,2019-10-21
Kalinda Leebetter,Elly Kelly,8.0,7.0,5.0,8.0,8.0,4.0,4,Business_28,2019-10-21
Fifi Kingsly,Elly Kelly,8.0,2.0,8.0,8.0,5.0,5.0,4,Business_28,2019-10-21
Zollie Danks,Elly Kelly,8.0,4.0,3.0,6.0,6.0,5.0,4,Business_28,2019-10-21
Katleen Trunks,Elly Kelly,7.0,8.0,6.0,6.0,5.0,5.0,4,Business_28,2019-10-21
Heida Cossom,Elly Kelly,2.0,5.0,2.0,8.0,3.0,2.0,4,Business_28,2019-10-21
Nicola Lavall,Elly Kelly,4.0,2.0,7.0,3.0,2.0,7.0,4,Business_28,2019-10-21
Casey Putten,Elly Kelly,5.0,3.0,5.0,5.0,5.0,8.0,5,Business_28,2019-10-21
Una Caldicot,Elly Kelly,5.0,8.0,8.0,7.0,7.0,5.0,5,Business_28,2019-10-21
Riva Mangeot,Elly Kelly,8.0,3.0,6.0,8.0,8.0,5.0,5,Business_28,2019-10-21
Gery Marchment,Elly Kelly,5.0,8.0,2.0,8.0,5.0,4.0,5,Business_28,2019-10-21
Brendan Tithecott,Elly Kelly,6.0,3.0,5.0,7.0,5.0,4.0,5,Business_28,2019-10-21
Kalinda Leebetter,Elly Kelly,4.0,5.0,8.0,6.0,1.0,5.0,5,Business_28,2019-10-21
Fifi Kingsly,Elly Kelly,3.0,8.0,5.0,6.0,8.0,2.0,5,Business_28,2019-10-21
Zollie Danks,Elly Kelly,5.0,4.0,5.0,7.0,7.0,8.0,5,Business_28,2019-10-21
Katleen Trunks,Elly Kelly,7.0,6.0,8.0,7.0,3.0,8.0,5,Business_28,2019-10-21
Heida Cossom,Elly Kelly,3.0,8.0,8.0,5.0,8.0,4.0,5,Business_28,2019-10-21
Nicola Lavall,Elly Kelly,5.0,8.0,3.0,5.0,4.0,3.0,5,Business_28,2019-10-21
Casey Putten,Elly Kelly,8.0,4.0,1.0,8.0,3.0,3.0,6,Business_28,2019-10-21
Una Caldicot,Elly Kelly,5.0,4.0,6.0,5.0,2.0,8.0,6,Business_28,2019-10-21
Riva Mangeot,Elly Kelly,6.0,5.0,4.0,7.0,8.0,7.0,6,Business_28,2019-10-21
Gery Marchment,Elly Kelly,8.0,5.0,4.0,5.0,5.0,6.0,6,Business_28,2019-10-21
Brendan Tithecott,Elly Kelly,7.0,5.0,7.0,5.0,8.0,4.0,6,Business_28,2019-10-21
Kalinda Leebetter,Elly Kelly,6.0,3.0,8.0,5.0,5.0,3.0,6,Business_28,2019-10-21
Fifi Kingsly,Elly Kelly,2.0,8.0,8.0,7.0,6.0,7.0,6,Business_28,2019-10-21
Zollie Danks,Elly Kelly,7.0,8.0,7.0,7.0,4.0,7.0,6,Business_28,2019-10-21
Katleen Trunks,Elly Kelly,8.0,7.0,8.0,8.0,6.0,3.0,6,Business_28,2019-10-21
Heida Cossom,Elly Kelly,4.0,5.0,8.0,8.0,6.0,7.0,6,Business_28,2019-10-21
Nicola Lavall,Elly Kelly,5.0,8.0,7.0,5.0,8.0,7.0,6,Business_28,2019-10-21
Casey Putten,Elly Kelly,8.0,5.0,6.0,8.0,8.0,8.0,7,Business_28,2019-10-21
Una Caldicot,Elly Kelly,8.0,8.0,7.0,8.0,5.0,8.0,7,Business_28,2019-10-21
Riva Mangeot,Elly Kelly,8.0,8.0,8.0,8.0,4.0,8.0,7,Business_28,2019-10-21
Gery Marchment,Elly Kelly,7.0,7.0,7.0,7.0,8.0,8.0,7,Business_28,2019-10-21
Brendan Tithecott,Elly Kelly,8.0,8.0,8.0,8.0,8.0,8.0,7,Business_28,2019-10-21
Kalinda Leebetter,Elly Kelly,8.0,4.0,7.0,5.0,8.0,8.0,7,Business_28,2019-10-21
Fifi Kingsly,Elly Kelly,8.0,3.0,8.0,7.0,8.0,8.0,7,Business_28,2019-10-21
Zollie Danks,Elly Kelly,4.0,8.0,8.0,8.0,8.0,6.0,7,Business_28,2019-10-21
Katleen Trunks,Elly Kelly,8.0,8.0,7.0,8.0,8.0,8.0,7,Business_28,2019-10-21
Heida Cossom,Elly Kelly,7.0,5.0,8.0,8.0,7.0,8.0,7,Business_28,2019-10-21
Nicola Lavall,Elly Kelly,8.0,8.0,8.0,8.0,8.0,8.0,7,Business_28,2019-10-21
Casey Putten,Elly Kelly,4.0,7.0,8.0,8.0,6.0,8.0,8,Business_28,2019-10-21
Una Caldicot,Elly Kelly,7.0,5.0,7.0,8.0,7.0,7.0,8,Business_28,2019-10-21
Riva Mangeot,Elly Kelly,6.0,8.0,8.0,6.0,6.0,7.0,8,Business_28,2019-10-21
Gery Marchment,Elly Kelly,8.0,8.0,8.0,8.0,8.0,7.0,8,Business_28,2019-10-21
Brendan Tithecott,Elly Kelly,8.0,5.0,8.0,4.0,8.0,6.0,8,Business_28,2019-10-21
Kalinda Leebetter,Elly Kelly,8.0,8.0,8.0,8.0,7.0,6.0,8,Business_28,2019-10-21
Fifi Kingsly,Elly Kelly,8.0,8.0,5.0,7.0,8.0,3.0,8,Business_28,2019-10-21
Zollie Danks,Elly Kelly,4.0,8.0,8.0,6.0,7.0,8.0,8,Business_28,2019-10-21
Katleen Trunks,Elly Kelly,8.0,8.0,8.0,8.0,8.0,8.0,8,Business_28,2019-10-21
Heida Cossom,Elly Kelly,4.0,8.0,8.0,8.0,7.0,8.0,8,Business_28,2019-10-21
Nicola Lavall,Elly Kelly,8.0,8.0,8.0,4.0,4.0,6.0,8,Business_28,2019-10-21
Rossie Caitlin,Bruce Lugo,1.0,3.0,2.0,2.0,3.0,3.0,1,Business_29,2019-11-18
Marmaduke Kiefer,Bruce Lugo,4.0,4.0,3.0,4.0,5.0,7.0,1,Business_29,2019-11-18
Dina Mcgookin,Bruce Lugo,2.0,3.0,2.0,4.0,1.0,5.0,1,Business_29,2019-11-18
Reuven Kneaphsey,Bruce Lugo,3.0,3.0,3.0,5.0,2.0,6.0,1,Business_29,2019-11-18
Stephi Duckering,Bruce Lugo,3.0,2.0,2.0,3.0,2.0,1.0,1,Business_29,2019-11-18
Homer Sebborn,Bruce Lugo,5.0,3.0,5.0,2.0,2.0,1.0,1,Business_29,2019-11-18
Say Kleinhausen,Bruce Lugo,1.0,1.0,5.0,4.0,1.0,4.0,1,Business_29,2019-11-18
Tyler Traynor,Bruce Lugo,1.0,3.0,1.0,2.0,1.0,4.0,1,Business_29,2019-11-18
Johnath Tufts,Bruce Lugo,3.0,4.0,3.0,2.0,4.0,1.0,1,Business_29,2019-11-18
Kristin Bardill,Bruce Lugo,3.0,4.0,1.0,2.0,5.0,3.0,1,Business_29,2019-11-18
Rossie Caitlin,Bruce Lugo,3.0,4.0,3.0,5.0,2.0,3.0,2,Business_29,2019-11-18
Marmaduke Kiefer,Bruce Lugo,4.0,1.0,2.0,2.0,2.0,3.0,2,Business_29,2019-11-18
Dina Mcgookin,Bruce Lugo,4.0,3.0,7.0,4.0,3.0,3.0,2,Business_29,2019-11-18
Reuven Kneaphsey,Bruce Lugo,5.0,2.0,4.0,1.0,5.0,4.0,2,Business_29,2019-11-18
Stephi Duckering,Bruce Lugo,4.0,4.0,1.0,1.0,3.0,5.0,2,Business_29,2019-11-18
Homer Sebborn,Bruce Lugo,2.0,2.0,2.0,4.0,1.0,2.0,2,Business_29,2019-11-18
Say Kleinhausen,Bruce Lugo,8.0,3.0,2.0,3.0,8.0,1.0,2,Business_29,2019-11-18
Tyler Traynor,Bruce Lugo,1.0,2.0,5.0,2.0,1.0,3.0,2,Business_29,2019-11-18
Johnath Tufts,Bruce Lugo,4.0,5.0,4.0,5.0,1.0,3.0,2,Business_29,2019-11-18
Kristin Bardill,Bruce Lugo,4.0,1.0,4.0,1.0,6.0,1.0,2,Business_29,2019-11-18
Rossie Caitlin,Bruce Lugo,2.0,2.0,1.0,6.0,2.0,1.0,3,Business_29,2019-11-18
Marmaduke Kiefer,Bruce Lugo,1.0,4.0,5.0,1.0,3.0,2.0,3,Business_29,2019-11-18
Dina Mcgookin,Bruce Lugo,1.0,4.0,8.0,3.0,3.0,1.0,3,Business_29,2019-11-18
Reuven Kneaphsey,Bruce Lugo,1.0,3.0,1.0,1.0,3.0,3.0,3,Business_29,2019-11-18
Stephi Duckering,Bruce Lugo,3.0,3.0,2.0,3.0,2.0,1.0,3,Business_29,2019-11-18
Homer Sebborn,Bruce Lugo,2.0,1.0,5.0,4.0,3.0,4.0,3,Business_29,2019-11-18
Say Kleinhausen,Bruce Lugo,6.0,5.0,4.0,1.0,2.0,3.0,3,Business_29,2019-11-18
Tyler Traynor,Bruce Lugo,4.0,3.0,4.0,3.0,4.0,5.0,3,Business_29,2019-11-18
Johnath Tufts,Bruce Lugo,3.0,6.0,1.0,3.0,2.0,6.0,3,Business_29,2019-11-18
Kristin Bardill,Bruce Lugo,2.0,1.0,3.0,2.0,2.0,4.0,3,Business_29,2019-11-18
Rossie Caitlin,Bruce Lugo,6.0,6.0,7.0,5.0,7.0,7.0,4,Business_29,2019-11-18
Marmaduke Kiefer,Bruce Lugo,8.0,1.0,8.0,3.0,8.0,5.0,4,Business_29,2019-11-18
Dina Mcgookin,Bruce Lugo,8.0,4.0,3.0,7.0,7.0,4.0,4,Business_29,2019-11-18
Reuven Kneaphsey,Bruce Lugo,7.0,8.0,2.0,4.0,6.0,2.0,4,Business_29,2019-11-18
Stephi Duckering,Bruce Lugo,4.0,8.0,3.0,5.0,3.0,5.0,4,Business_29,2019-11-18
Homer Sebborn,Bruce Lugo,4.0,5.0,7.0,4.0,4.0,8.0,4,Business_29,2019-11-18
Say Kleinhausen,Bruce Lugo,4.0,8.0,4.0,5.0,7.0,6.0,4,Business_29,2019-11-18
Tyler Traynor,Bruce Lugo,3.0,4.0,1.0,5.0,4.0,8.0,4,Business_29,2019-11-18
Johnath Tufts,Bruce Lugo,7.0,3.0,3.0,7.0,8.0,8.0,4,Business_29,2019-11-18
Kristin Bardill,Bruce Lugo,6.0,1.0,8.0,4.0,8.0,2.0,4,Business_29,2019-11-18
Rossie Caitlin,Bruce Lugo,8.0,3.0,8.0,4.0,6.0,4.0,5,Business_29,2019-11-18
Marmaduke Kiefer,Bruce Lugo,8.0,6.0,5.0,8.0,6.0,5.0,5,Business_29,2019-11-18
Dina Mcgookin,Bruce Lugo,3.0,5.0,7.0,5.0,8.0,8.0,5,Business_29,2019-11-18
Reuven Kneaphsey,Bruce Lugo,4.0,7.0,8.0,2.0,5.0,5.0,5,Business_29,2019-11-18
Stephi Duckering,Bruce Lugo,4.0,4.0,5.0,8.0,7.0,6.0,5,Business_29,2019-11-18
Homer Sebborn,Bruce Lugo,5.0,1.0,8.0,8.0,7.0,2.0,5,Business_29,2019-11-18
Say Kleinhausen,Bruce Lugo,4.0,3.0,4.0,7.0,1.0,8.0,5,Business_29,2019-11-18
Tyler Traynor,Bruce Lugo,6.0,8.0,3.0,8.0,6.0,5.0,5,Business_29,2019-11-18
Johnath Tufts,Bruce Lugo,6.0,3.0,5.0,7.0,3.0,8.0,5,Business_29,2019-11-18
Kristin Bardill,Bruce Lugo,7.0,2.0,8.0,5.0,6.0,4.0,5,Business_29,2019-11-18
Rossie Caitlin,Bruce Lugo,6.0,8.0,3.0,4.0,7.0,7.0,6,Business_29,2019-11-18
Marmaduke Kiefer,Bruce Lugo,7.0,2.0,5.0,8.0,7.0,8.0,6,Business_29,2019-11-18
Dina Mcgookin,Bruce Lugo,6.0,7.0,8.0,3.0,8.0,8.0,6,Business_29,2019-11-18
Reuven Kneaphsey,Bruce Lugo,4.0,6.0,8.0,6.0,2.0,8.0,6,Business_29,2019-11-18
Stephi Duckering,Bruce Lugo,2.0,5.0,5.0,8.0,6.0,7.0,6,Business_29,2019-11-18
Homer Sebborn,Bruce Lugo,3.0,5.0,6.0,6.0,3.0,4.0,6,Business_29,2019-11-18
Say Kleinhausen,Bruce Lugo,8.0,4.0,5.0,3.0,6.0,6.0,6,Business_29,2019-11-18
Tyler Traynor,Bruce Lugo,2.0,6.0,8.0,5.0,3.0,7.0,6,Business_29,2019-11-18
Johnath Tufts,Bruce Lugo,5.0,6.0,7.0,8.0,6.0,8.0,6,Business_29,2019-11-18
Kristin Bardill,Bruce Lugo,4.0,8.0,5.0,6.0,5.0,7.0,6,Business_29,2019-11-18
Rossie Caitlin,Bruce Lugo,7.0,8.0,6.0,5.0,8.0,7.0,7,Business_29,2019-11-18
Marmaduke Kiefer,Bruce Lugo,8.0,5.0,7.0,8.0,8.0,8.0,7,Business_29,2019-11-18
Dina Mcgookin,Bruce Lugo,8.0,8.0,7.0,5.0,8.0,8.0,7,Business_29,2019-11-18
Reuven Kneaphsey,Bruce Lugo,8.0,8.0,8.0,8.0,8.0,7.0,7,Business_29,2019-11-18
Stephi Duckering,Bruce Lugo,3.0,8.0,4.0,7.0,6.0,7.0,7,Business_29,2019-11-18
Homer Sebborn,Bruce Lugo,8.0,8.0,8.0,8.0,7.0,8.0,7,Business_29,2019-11-18
Say Kleinhausen,Bruce Lugo,4.0,8.0,8.0,8.0,8.0,8.0,7,Business_29,2019-11-18
Tyler Traynor,Bruce Lugo,8.0,8.0,6.0,8.0,8.0,8.0,7,Business_29,2019-11-18
Johnath Tufts,Bruce Lugo,5.0,8.0,8.0,8.0,8.0,8.0,7,Business_29,2019-11-18
Kristin Bardill,Bruce Lugo,4.0,8.0,8.0,8.0,8.0,8.0,7,Business_29,2019-11-18
Rossie Caitlin,Bruce Lugo,6.0,8.0,8.0,8.0,8.0,5.0,8,Business_29,2019-11-18
Marmaduke Kiefer,Bruce Lugo,8.0,8.0,6.0,7.0,8.0,8.0,8,Business_29,2019-11-18
Dina Mcgookin,Bruce Lugo,8.0,8.0,6.0,8.0,8.0,8.0,8,Business_29,2019-11-18
Reuven Kneaphsey,Bruce Lugo,8.0,6.0,8.0,8.0,8.0,4.0,8,Business_29,2019-11-18
Stephi Duckering,Bruce Lugo,7.0,5.0,7.0,8.0,7.0,8.0,8,Business_29,2019-11-18
Homer Sebborn,Bruce Lugo,8.0,8.0,8.0,7.0,8.0,8.0,8,Business_29,2019-11-18
Say Kleinhausen,Bruce Lugo,5.0,8.0,8.0,5.0,7.0,6.0,8,Business_29,2019-11-18
Tyler Traynor,Bruce Lugo,5.0,8.0,5.0,5.0,8.0,8.0,8,Business_29,2019-11-18
Johnath Tufts,Bruce Lugo,8.0,4.0,8.0,8.0,8.0,6.0,8,Business_29,2019-11-18
Kristin Bardill,Bruce Lugo,7.0,8.0,8.0,8.0,8.0,4.0,8,Business_29,2019-11-18
Timmie Knudsen,Ely Kely,2.0,2.0,2.0,5.0,1.0,2.0,1,Business_30,2019-12-30
Mona Orviss,Ely Kely,6.0,4.0,3.0,1.0,3.0,1.0,1,Business_30,2019-12-30
Everett O'Clery,Ely Kely,2.0,6.0,2.0,4.0,2.0,4.0,1,Business_30,2019-12-30
Konstanze Trynor,Ely Kely,2.0,2.0,1.0,1.0,3.0,4.0,1,Business_30,2019-12-30
Robinett Mcphate,Ely Kely,1.0,6.0,1.0,5.0,1.0,2.0,1,Business_30,2019-12-30
Ronda Aggis,Ely Kely,1.0,5.0,2.0,4.0,3.0,6.0,1,Business_30,2019-12-30
Caril Bayly,Ely Kely,3.0,3.0,1.0,2.0,1.0,3.0,1,Business_30,2019-12-30
Mari Lotterington,Ely Kely,4.0,1.0,2.0,5.0,3.0,2.0,1,Business_30,2019-12-30
Jacquelynn Savin,Ely Kely,1.0,2.0,5.0,5.0,1.0,2.0,1,Business_30,2019-12-30
Ives Weddell,Ely Kely,4.0,2.0,2.0,2.0,1.0,4.0,1,Business_30,2019-12-30
Gerda Yuille,Ely Kely,3.0,4.0,2.0,2.0,3.0,4.0,1,Business_30,2019-12-30
Timmie Knudsen,Ely Kely,1.0,3.0,2.0,5.0,5.0,4.0,2,Business_30,2019-12-30
Mona Orviss,Ely Kely,3.0,5.0,5.0,3.0,6.0,2.0,2,Business_30,2019-12-30
Everett O'Clery,Ely Kely,3.0,4.0,5.0,1.0,3.0,2.0,2,Business_30,2019-12-30
Konstanze Trynor,Ely Kely,8.0,1.0,1.0,2.0,4.0,3.0,2,Business_30,2019-12-30
Robinett Mcphate,Ely Kely,2.0,4.0,2.0,2.0,3.0,4.0,2,Business_30,2019-12-30
Ronda Aggis,Ely Kely,6.0,1.0,2.0,3.0,4.0,2.0,2,Business_30,2019-12-30
Caril Bayly,Ely Kely,1.0,1.0,3.0,1.0,5.0,1.0,2,Business_30,2019-12-30
Mari Lotterington,Ely Kely,4.0,1.0,5.0,6.0,2.0,2.0,2,Business_30,2019-12-30
Jacquelynn Savin,Ely Kely,3.0,3.0,3.0,3.0,7.0,6.0,2,Business_30,2019-12-30
Ives Weddell,Ely Kely,3.0,3.0,1.0,2.0,5.0,2.0,2,Business_30,2019-12-30
Gerda Yuille,Ely Kely,5.0,5.0,5.0,5.0,2.0,3.0,2,Business_30,2019-12-30
Timmie Knudsen,Ely Kely,4.0,4.0,1.0,1.0,5.0,4.0,3,Business_30,2019-12-30
Mona Orviss,Ely Kely,1.0,1.0,3.0,8.0,2.0,4.0,3,Business_30,2019-12-30
Everett O'Clery,Ely Kely,4.0,4.0,4.0,4.0,3.0,4.0,3,Business_30,2019-12-30
Konstanze Trynor,Ely Kely,2.0,3.0,4.0,2.0,4.0,4.0,3,Business_30,2019-12-30
Robinett Mcphate,Ely Kely,1.0,3.0,4.0,1.0,1.0,3.0,3,Business_30,2019-12-30
Ronda Aggis,Ely Kely,3.0,3.0,2.0,3.0,2.0,3.0,3,Business_30,2019-12-30
Caril Bayly,Ely Kely,1.0,2.0,3.0,4.0,3.0,5.0,3,Business_30,2019-12-30
Mari Lotterington,Ely Kely,1.0,2.0,5.0,5.0,2.0,2.0,3,Business_30,2019-12-30
Jacquelynn Savin,Ely Kely,5.0,2.0,2.0,6.0,2.0,5.0,3,Business_30,2019-12-30
Ives Weddell,Ely Kely,3.0,2.0,5.0,1.0,3.0,1.0,3,Business_30,2019-12-30
Gerda Yuille,Ely Kely,6.0,2.0,1.0,6.0,4.0,5.0,3,Business_30,2019-12-30
Timmie Knudsen,Ely Kely,8.0,5.0,8.0,5.0,4.0,8.0,4,Business_30,2019-12-30
Mona Orviss,Ely Kely,5.0,3.0,7.0,4.0,4.0,6.0,4,Business_30,2019-12-30
Everett O'Clery,Ely Kely,4.0,4.0,8.0,8.0,5.0,7.0,4,Business_30,2019-12-30
Konstanze Trynor,Ely Kely,6.0,5.0,6.0,6.0,4.0,5.0,4,Business_30,2019-12-30
Robinett Mcphate,Ely Kely,2.0,8.0,4.0,8.0,8.0,8.0,4,Business_30,2019-12-30
Ronda Aggis,Ely Kely,8.0,1.0,6.0,4.0,5.0,8.0,4,Business_30,2019-12-30
Caril Bayly,Ely Kely,7.0,7.0,8.0,7.0,5.0,5.0,4,Business_30,2019-12-30
Mari Lotterington,Ely Kely,7.0,7.0,6.0,4.0,5.0,6.0,4,Business_30,2019-12-30
Jacquelynn Savin,Ely Kely,8.0,5.0,5.0,3.0,8.0,8.0,4,Business_30,2019-12-30
Ives Weddell,Ely Kely,8.0,8.0,8.0,4.0,7.0,7.0,4,Business_30,2019-12-30
Gerda Yuille,Ely Kely,6.0,6.0,8.0,5.0,3.0,2.0,4,Business_30,2019-12-30
Timmie Knudsen,Ely Kely,8.0,6.0,8.0,5.0,7.0,7.0,5,Business_30,2019-12-30
Mona Orviss,Ely Kely,4.0,3.0,7.0,8.0,8.0,4.0,5,Business_30,2019-12-30
Everett O'Clery,Ely Kely,6.0,7.0,7.0,4.0,5.0,8.0,5,Business_30,2019-12-30
Konstanze Trynor,Ely Kely,4.0,8.0,6.0,8.0,3.0,4.0,5,Business_30,2019-12-30
Robinett Mcphate,Ely Kely,8.0,8.0,3.0,7.0,7.0,8.0,5,Business_30,2019-12-30
Ronda Aggis,Ely Kely,3.0,8.0,5.0,8.0,5.0,2.0,5,Business_30,2019-12-30
Caril Bayly,Ely Kely,3.0,5.0,6.0,6.0,6.0,2.0,5,Business_30,2019-12-30
Mari Lotterington,Ely Kely,6.0,8.0,4.0,7.0,7.0,7.0,5,Business_30,2019-12-30
Jacquelynn Savin,Ely Kely,5.0,7.0,4.0,4.0,8.0,6.0,5,Business_30,2019-12-30
Ives Weddell,Ely Kely,4.0,7.0,6.0,4.0,3.0,8.0,5,Business_30,2019-12-30
Gerda Yuille,Ely Kely,6.0,3.0,8.0,7.0,4.0,7.0,5,Business_30,2019-12-30
Timmie Knudsen,Ely Kely,7.0,6.0,8.0,8.0,4.0,8.0,6,Business_30,2019-12-30
Mona Orviss,Ely Kely,2.0,3.0,5.0,4.0,4.0,8.0,6,Business_30,2019-12-30
Everett O'Clery,Ely Kely,7.0,5.0,4.0,4.0,6.0,8.0,6,Business_30,2019-12-30
Konstanze Trynor,Ely Kely,6.0,5.0,8.0,4.0,5.0,5.0,6,Business_30,2019-12-30
Robinett Mcphate,Ely Kely,8.0,7.0,5.0,6.0,3.0,4.0,6,Business_30,2019-12-30
Ronda Aggis,Ely Kely,5.0,5.0,7.0,6.0,2.0,8.0,6,Business_30,2019-12-30
Caril Bayly,Ely Kely,5.0,3.0,4.0,5.0,4.0,5.0,6,Business_30,2019-12-30
Mari Lotterington,Ely Kely,8.0,5.0,8.0,3.0,6.0,4.0,6,Business_30,2019-12-30
Jacquelynn Savin,Ely Kely,7.0,8.0,8.0,5.0,6.0,4.0,6,Business_30,2019-12-30
Ives Weddell,Ely Kely,6.0,7.0,4.0,1.0,6.0,3.0,6,Business_30,2019-12-30
Gerda Yuille,Ely Kely,7.0,8.0,4.0,3.0,8.0,5.0,6,Business_30,2019-12-30
Timmie Knudsen,Ely Kely,8.0,8.0,8.0,6.0,8.0,8.0,7,Business_30,2019-12-30
Mona Orviss,Ely Kely,8.0,7.0,7.0,8.0,7.0,8.0,7,Business_30,2019-12-30
Everett O'Clery,Ely Kely,8.0,8.0,7.0,8.0,8.0,8.0,7,Business_30,2019-12-30
Konstanze Trynor,Ely Kely,8.0,8.0,8.0,8.0,8.0,8.0,7,Business_30,2019-12-30
Robinett Mcphate,Ely Kely,7.0,8.0,8.0,4.0,2.0,8.0,7,Business_30,2019-12-30
Ronda Aggis,Ely Kely,6.0,8.0,8.0,6.0,8.0,5.0,7,Business_30,2019-12-30
Caril Bayly,Ely Kely,7.0,8.0,8.0,8.0,8.0,8.0,7,Business_30,2019-12-30
Mari Lotterington,Ely Kely,8.0,7.0,7.0,7.0,8.0,8.0,7,Business_30,2019-12-30
Jacquelynn Savin,Ely Kely,8.0,8.0,8.0,8.0,6.0,4.0,7,Business_30,2019-12-30
Ives Weddell,Ely Kely,5.0,8.0,5.0,3.0,8.0,8.0,7,Business_30,2019-12-30
Gerda Yuille,Ely Kely,6.0,8.0,8.0,8.0,8.0,5.0,7,Business_30,2019-12-30
Timmie Knudsen,Ely Kely,7.0,8.0,8.0,6.0,8.0,8.0,8,Business_30,2019-12-30
Mona Orviss,Ely Kely,6.0,8.0,8.0,7.0,8.0,8.0,8,Business_30,2019-12-30
Everett O'Clery,Ely Kely,6.0,8.0,6.0,5.0,6.0,8.0,8,Business_30,2019-12-30
Konstanze Trynor,Ely Kely,8.0,6.0,8.0,8.0,6.0,7.0,8,Business_30,2019-12-30
Robinett Mcphate,Ely Kely,8.0,8.0,8.0,8.0,8.0,8.0,8,Business_30,2019-12-30
Ronda Aggis,Ely Kely,8.0,7.0,8.0,8.0,8.0,7.0,8,Business_30,2019-12-30
Caril Bayly,Ely Kely,8.0,8.0,8.0,8.0,7.0,7.0,8,Business_30,2019-12-30
Mari Lotterington,Ely Kely,7.0,5.0,8.0,8.0,7.0,8.0,8,Business_30,2019-12-30
Jacquelynn Savin,Ely Kely,8.0,8.0,6.0,8.0,8.0,8.0,8,Business_30,2019-12-30
Ives Weddell,Ely Kely,8.0,8.0,8.0,8.0,6.0,8.0,8,Business_30,2019-12-30
Gerda Yuille,Ely Kely,8.0,8.0,4.0,8.0,6.0,8.0,8,Business_30,2019-12-30
